sku,warrenty
QCDTAG00067,1 Month warranty
QCDTAG00065,1 Month warranty
QCDTAG00066,1 Month warranty
QCDTAG00058,1 Month warranty
QCDTAG00059,1 Month warranty
QCDTAG00068,1 Month warranty
QCDTAG00089,1 Month warranty
QCDTAG00088,1 Month warranty
QCDTAG00082,1 Month warranty
QCDTAG00053,1 Month warranty
QCDTAG00054,1 Month warranty
QCDTAG00055,1 Month warranty
QCDTAG00060,1 Month warranty
QCDTAG00085,1 Month warranty
QCDTAG00086,1 Month warranty
QCDTAG00061,1 Month warranty
QCDTAG00090,1 Month warranty
QCDTAG00063,1 Month warranty
QCDTAG00064,1 Month warranty
QCDTAG00062,1 Month warranty
