store,websites,attribute_set,type,category_ids,sku,has_options,status,is_recurring,visibility,tax_class_id,ebizmarts_mark_visited,brands,remove_compare_link,cash_on_delivery,emi_option,free_home_delivery,hard_disk_drive_storage,graphic_card_memory,screen_details,cpu,storage_capacity,graphic_card_type,warranty,webcam,screen_size,segment,laptop_warranty_summary,laptop_screen_range,laptop_ram,laptop_operating_system,laptop_graphic_card_model,laptop_freebag,laptop_touchscreen,deal_on_active,deal_on,is_superdeal,laptop_processor,magebuzz_featured_product,name,meta_title,meta_description,image,small_image,thumbnail,gallery,url_key,url_path,custom_design,page_layout,options_container,image_label,small_image_label,thumbnail_label,country_of_manufacture,msrp_enabled,msrp_display_actual_price_type,gift_message_available,offers,video,warrenty,product_label,model_no
admin,base,mobile,simple,"4,112",ASMBA000107,0,Disabled,No,"Catalog, Search",GST0.24,No,,Yes,Yes,No,Yes,,,,,,,1 Year Warranty.,,,,1 Year Warranty.,,,,,No,No,No,,No,,0,ASUS ZENFONE 5 (16GB),,,,,,,,,,No layout updates,Block after Info Column,,,, ,Use config,Use config,No,,,1 Year  Warranty.,,
admin,base,mobile,simple,"4,112",ASMBA000108,0,Disabled,No,"Catalog, Search",GST0.24,No,,Yes,Yes,No,Yes,,,,,,,1 Year Warranty.,,,,1 Year Warranty.,,,,,No,No,No,,No,,0,REDMI NOTE 3 (32 GB),,,,,,,,,,No layout updates,Block after Info Column,,,, ,Use config,Use config,No,,,1 Year  Warranty.,,
admin,base,mobile,simple,"4,112",ASMBA000109,0,Disabled,No,"Catalog, Search",GST0.24,No,,Yes,Yes,No,Yes,,,,,,,1 Year Warranty.,,,,1 Year Warranty.,,,,,No,No,No,,No,,0,XIAOMI MI NOTE 3G (8GB),,,,,,,,,,No layout updates,Block after Info Column,,,, ,Use config,Use config,No,,,1 Year  Warranty.,,
admin,base,mobile,simple,"4,112",ASMBA000110,0,Disabled,No,"Catalog, Search",GST0.24,No,,Yes,Yes,No,Yes,,,,,,,1 Year Warranty.,,,,1 Year Warranty.,,,,,No,No,No,,No,,0,APPLE IPHONE 5 (32GB),,,,,,,,,,No layout updates,Block after Info Column,,,, ,Use config,Use config,No,,,1 Year  Warranty.,,
admin,base,mobile,simple,"4,112",ASMBA000111,0,Disabled,No,"Catalog, Search",GST0.24,No,,Yes,Yes,No,Yes,,,,,,,1 Year Warranty.,,,,1 Year Warranty.,,,,,No,No,No,,No,,0,APPLE IPHONE 6S (64GB),,,,,,,,,,No layout updates,Block after Info Column,,,, ,Use config,Use config,No,,,1 Year  Warranty.,,
admin,base,mobile,simple,"4,112",ASMBA000112,0,Disabled,No,"Catalog, Search",GST0.24,No,,Yes,Yes,No,Yes,,,,,,,1 Year Warranty.,,,,1 Year Warranty.,,,,,No,No,No,,No,,0,APPLE IPHONE 5S (64GB),,,,,,,,,,No layout updates,Block after Info Column,,,, ,Use config,Use config,No,,,1 Year  Warranty.,,
admin,base,mobile,simple,"4,112",ASMBA000113,0,Disabled,No,"Catalog, Search",GST0.24,No,,Yes,Yes,No,Yes,,,,,,,1 Year Warranty.,,,,1 Year Warranty.,,,,,No,No,No,,No,,0,SONY XPERIA SOLA,,,,,,,,,,No layout updates,Block after Info Column,,,, ,Use config,Use config,No,,,1 Year  Warranty.,,
admin,base,mobile,simple,"4,112",ASMBA000114,0,Disabled,No,"Catalog, Search",GST0.24,No,,Yes,Yes,No,Yes,,,,,,,1 Year Warranty.,,,,1 Year Warranty.,,,,,No,No,No,,No,,0,APPLE IPHONE 5C (8GB),,,,,,,,,,No layout updates,Block after Info Column,,,, ,Use config,Use config,No,,,1 Year  Warranty.,,
admin,base,mobile,simple,"4,112",ASMBA000115,0,Disabled,No,"Catalog, Search",GST0.24,No,,Yes,Yes,No,Yes,,,,,,,1 Year Warranty.,,,,1 Year Warranty.,,,,,No,No,No,,No,,0,SAMSUNG GALAXY POCKET NEO,,,,,,,,,,No layout updates,Block after Info Column,,,, ,Use config,Use config,No,,,1 Year  Warranty.,,
admin,base,mobile,simple,"4,112",ASMBA000116,0,Disabled,No,"Catalog, Search",GST0.24,No,,Yes,Yes,No,Yes,,,,,,,1 Year Warranty.,,,,1 Year Warranty.,,,,,No,No,No,,No,,0,APPLE IPHONE 5S (32GB),,,,,,,,,,No layout updates,Block after Info Column,,,, ,Use config,Use config,No,,,1 Year  Warranty.,,
admin,base,mobile,simple,"4,112",ASMBA000117,0,Disabled,No,"Catalog, Search",GST0.24,No,,Yes,Yes,No,Yes,,,,,,,1 Year Warranty.,,,,1 Year Warranty.,,,,,No,No,No,,No,,0,SAMSUNG GALAXY Y DUOS (B),,,,,,,,,,No layout updates,Block after Info Column,,,, ,Use config,Use config,No,,,1 Year  Warranty.,,
admin,base,mobile,simple,"4,112",ASMBA000118,0,Disabled,No,"Catalog, Search",GST0.24,No,,Yes,Yes,No,Yes,,,,,,,1 Year Warranty.,,,,1 Year Warranty.,,,,,No,No,No,,No,,0,Lenovo K4 Note 16GB,,,,,,,,,,No layout updates,Block after Info Column,,,, ,Use config,Use config,No,,,1 Year  Warranty.,,
admin,base,mobile,simple,"4,94",OPMBNTF0821,0,Disabled,No,"Catalog, Search",GST0.24,No,,Yes,Yes,No,Yes,,,,,,,1 Year Warranty.,,,,1 Year Warranty.,,,,,No,No,No,,No,,0,IBALL ANDI 5N DUDE 4GB GOLD,,,,,,,,,,No layout updates,Block after Info Column,,,, ,Use config,Use config,No,,,1 Year  Warranty.,,
admin,base,mobile,simple,"4,94",OPMBNTF0822,0,Disabled,No,"Catalog, Search",GST0.24,No,,Yes,Yes,No,Yes,,,,,,,1 Year Warranty.,,,,1 Year Warranty.,,,,,No,No,No,,No,,0,Apple iPhone 8 64GB Silver,,,,,,,,,,No layout updates,Block after Info Column,,,, ,Use config,Use config,No,,,1 Year  Warranty.,,
admin,base,mobile,simple,"4,94",OPMBNTF0823,0,Disabled,No,"Catalog, Search",GST0.24,No,,Yes,Yes,No,Yes,,,,,,,1 Year Warranty.,,,,1 Year Warranty.,,,,,No,No,No,,No,,0,LENOVO Z2 PLUS PA500016IN (BLACK 64GB),,,,,,,,,,No layout updates,Block after Info Column,,,, ,Use config,Use config,No,,,1 Year  Warranty.,,
admin,base,mobile,simple,"4,144",OPMBNTFB0828,0,Disabled,No,"Catalog, Search",GST0.24,No,,Yes,Yes,No,Yes,,,,,,,1 Year Warranty.,,,,1 Year Warranty.,,,,,No,No,No,,No,,0,Samsung Galaxy A3 16GB PEARL WHITE,,,,,,,,,,No layout updates,Block after Info Column,,,, ,Use config,Use config,No,,,1 Year  Warranty.,,
admin,base,mobile,simple,"4,144",OPMBNTFB0829,0,Disabled,No,"Catalog, Search",GST0.24,No,,Yes,Yes,No,Yes,,,,,,,1 Year Warranty.,,,,1 Year Warranty.,,,,,No,No,No,,No,,0,Samsung Galaxy A8 32GB GOLD,,,,,,,,,,No layout updates,Block after Info Column,,,, ,Use config,Use config,No,,,1 Year  Warranty.,,
admin,base,mobile,simple,"4,144",OPMBNTFB0830,0,Disabled,No,"Catalog, Search",GST0.24,No,,Yes,Yes,No,Yes,,,,,,,1 Year Warranty.,,,,1 Year Warranty.,,,,,No,No,No,,No,,0,Apple iPhone 5 16GB BLACK,,,,,,,,,,No layout updates,Block after Info Column,,,, ,Use config,Use config,No,,,1 Year  Warranty.,,
admin,base,mobile,simple,"4,144",OPMBNTFB0831,0,Disabled,No,"Catalog, Search",GST0.24,No,,Yes,Yes,No,Yes,,,,,,,1 Year Warranty.,,,,1 Year Warranty.,,,,,No,No,No,,No,,0,"DELL VENUE 8 3830 (2GB 32GB, BLACK)",,,,,,,,,,No layout updates,Block after Info Column,,,, ,Use config,Use config,No,,,1 Year  Warranty.,,
admin,base,mobile,simple,"4,144",OPMBNTFB0832,0,Disabled,No,"Catalog, Search",GST0.24,No,,Yes,Yes,No,Yes,,,,,,,1 Year Warranty.,,,,1 Year Warranty.,,,,,No,No,No,,No,,0,COOLPAD NOTE 3 PLUS (CHAMPAGNE-WHITE),,,,,,,,,,No layout updates,Block after Info Column,,,, ,Use config,Use config,No,,,1 Year  Warranty.,,
admin,base,mobile,simple,"4,144",OPMBNTFB0833,0,Disabled,No,"Catalog, Search",GST0.24,No,,Yes,Yes,No,Yes,,,,,,,1 Year Warranty.,,,,1 Year Warranty.,,,,,No,No,No,,No,,0,"MICROMAX CANVAS NITRO 2 E311 2GB (16GB, WHITE+GOLD)",,,,,,,,,,No layout updates,Block after Info Column,,,, ,Use config,Use config,No,,,1 Year  Warranty.,,
admin,base,mobile,simple,"4,144",OPMBNTFB0834,0,Disabled,No,"Catalog, Search",GST0.24,No,,Yes,Yes,No,Yes,,,,,,,1 Year Warranty.,,,,1 Year Warranty.,,,,,No,No,No,,No,,0,SAMSUNG GALAXY NOTE 1 (16GB BLACK),,,,,,,,,,No layout updates,Block after Info Column,,,, ,Use config,Use config,No,,,1 Year  Warranty.,,
admin,base,mobile,simple,"4,144",OPMBNTFB0835,0,Disabled,No,"Catalog, Search",GST0.24,No,,Yes,Yes,No,Yes,,,,,,,1 Year Warranty.,,,,1 Year Warranty.,,,,,No,No,No,,No,,0,"APPLE IPAD MINI ME276HN/A (SPACE GREY, 16 GB)",,,,,,,,,,No layout updates,Block after Info Column,,,, ,Use config,Use config,No,,,1 Year  Warranty.,,
admin,base,mobile,simple,"4,144",OPMBNTFB0836,0,Disabled,No,"Catalog, Search",GST0.24,No,,Yes,Yes,No,Yes,,,,,,,1 Year Warranty.,,,,1 Year Warranty.,,,,,No,No,No,,No,,0,APPLE IPAD AIR 2 MGHX2HN/A (64GB SPACE GREY),,,,,,,,,,No layout updates,Block after Info Column,,,, ,Use config,Use config,No,,,1 Year  Warranty.,,
admin,base,mobile,simple,"4,144",OPMBNTFB0837,0,Disabled,No,"Catalog, Search",GST0.24,No,,Yes,Yes,No,Yes,,,,,,,1 Year Warranty.,,,,1 Year Warranty.,,,,,No,No,No,,No,,0,DELL VENUE 7 3730 2GB  16GB BLACK,,,,,,,,,,No layout updates,Block after Info Column,,,, ,Use config,Use config,No,,,1 Year  Warranty.,,
admin,base,mobile,simple,"4,144",OPMBNTFB0838,0,Disabled,No,"Catalog, Search",GST0.24,No,,Yes,Yes,No,Yes,,,,,,,1 Year Warranty.,,,,1 Year Warranty.,,,,,No,No,No,,No,,0,SPICE ANDROID ONE 1GB  4GB BLACK,,,,,,,,,,No layout updates,Block after Info Column,,,, ,Use config,Use config,No,,,1 Year  Warranty.,,
admin,base,mobile,simple,"4,144",OPMBNTFB0839,0,Disabled,No,"Catalog, Search",GST0.24,No,,Yes,Yes,No,Yes,,,,,,,1 Year Warranty.,,,,1 Year Warranty.,,,,,No,No,No,,No,,0,"INTEX CLOUD STRING V2.0 (SILVER, 16 GB)",,,,,,,,,,No layout updates,Block after Info Column,,,, ,Use config,Use config,No,,,1 Year  Warranty.,,
admin,base,mobile,simple,"4,144",OPMBNTFB0840,0,Disabled,No,"Catalog, Search",GST0.24,No,,Yes,Yes,No,Yes,,,,,,,1 Year Warranty.,,,,1 Year Warranty.,,,,,No,No,No,,No,,0,GIONEE MARATHON M5 PLUS (3GB RAM  64GB GOLD),,,,,,,,,,No layout updates,Block after Info Column,,,, ,Use config,Use config,No,,,1 Year  Warranty.,,
admin,base,mobile,simple,"4,144",OPMBNTFB0841,0,Disabled,No,"Catalog, Search",GST0.24,No,,Yes,Yes,No,Yes,,,,,,,1 Year Warranty.,,,,1 Year Warranty.,,,,,No,No,No,,No,,0,Apple iPhone 7 Plus 128GB GOLD,,,,,,,,,,No layout updates,Block after Info Column,,,, ,Use config,Use config,No,,,1 Year  Warranty.,,
admin,base,mobile,simple,"4,144",OPMBNTFB0842,0,Disabled,No,"Catalog, Search",GST0.24,No,,Yes,Yes,No,Yes,,,,,,,1 Year Warranty.,,,,1 Year Warranty.,,,,,No,No,No,,No,,0,Kenxindia K69 Black,,,,,,,,,,No layout updates,Block after Info Column,,,, ,Use config,Use config,No,,,1 Year  Warranty.,,
admin,base,mobile,simple,"4,144",OPMBNTFB0843,0,Disabled,No,"Catalog, Search",GST0.24,No,,Yes,Yes,No,Yes,,,,,,,1 Year Warranty.,,,,1 Year Warranty.,,,,,No,No,No,,No,,0,"SWIPE MARATHON (WHITE, 8 GB)",,,,,,,,,,No layout updates,Block after Info Column,,,, ,Use config,Use config,No,,,1 Year  Warranty.,,
admin,base,mobile,simple,"4,144",OPMBNTFB0844,0,Disabled,No,"Catalog, Search",GST0.24,No,,Yes,Yes,No,Yes,,,,,,,1 Year Warranty.,,,,1 Year Warranty.,,,,,No,No,No,,No,,0,"DELL VENUE 8 3840 (16GB,  BLACK)",,,,,,,,,,No layout updates,Block after Info Column,,,, ,Use config,Use config,No,,,1 Year  Warranty.,,
admin,base,mobile,simple,"4,144",OPMBNTFB0845,0,Disabled,No,"Catalog, Search",GST0.24,No,,Yes,Yes,No,Yes,,,,,,,1 Year Warranty.,,,,1 Year Warranty.,,,,,No,No,No,,No,,0,Apple iPhone 7 128GB Black,,,,,,,,,,No layout updates,Block after Info Column,,,, ,Use config,Use config,No,,,1 Year  Warranty.,,
admin,base,mobile,simple,"4,144",OPMBNTFB0846,0,Disabled,No,"Catalog, Search",GST0.24,No,,Yes,Yes,No,Yes,,,,,,,1 Year Warranty.,,,,1 Year Warranty.,,,,,No,No,No,,No,,0,APPLE IPHONE 6 PLUS 64GB SPACE GREY,,,,,,,,,,No layout updates,Block after Info Column,,,, ,Use config,Use config,No,,,1 Year  Warranty.,,
admin,base,mobile,simple,"4,144",OPMBNTFB0847,0,Disabled,No,"Catalog, Search",GST0.24,No,,Yes,Yes,No,Yes,,,,,,,1 Year Warranty.,,,,1 Year Warranty.,,,,,No,No,No,,No,,0,"SONY XPERIA ZR (PINK, 8 GB)",,,,,,,,,,No layout updates,Block after Info Column,,,, ,Use config,Use config,No,,,1 Year  Warranty.,,
admin,base,mobile,simple,"4,144",OPMBNTFB0848,0,Disabled,No,"Catalog, Search",GST0.24,No,,Yes,Yes,No,Yes,,,,,,,1 Year Warranty.,,,,1 Year Warranty.,,,,,No,No,No,,No,,0,"DELL VENUE 7 3740 (16GB, BLACK)",,,,,,,,,,No layout updates,Block after Info Column,,,, ,Use config,Use config,No,,,1 Year  Warranty.,,
admin,base,mobile,simple,"4,144",OPMBNTFB0849,0,Disabled,No,"Catalog, Search",GST0.24,No,,Yes,Yes,No,Yes,,,,,,,1 Year Warranty.,,,,1 Year Warranty.,,,,,No,No,No,,No,,0,SWIPE ELITE PLUS (MIDNIGHT BLUE 16 GB),,,,,,,,,,No layout updates,Block after Info Column,,,, ,Use config,Use config,No,,,1 Year  Warranty.,,
admin,base,mobile,simple,"4,144",OPMBNTFB0850,0,Disabled,No,"Catalog, Search",GST0.24,No,,Yes,Yes,No,Yes,,,,,,,1 Year Warranty.,,,,1 Year Warranty.,,,,,No,No,No,,No,,0,Vivo Y66 32GB BLACK,,,,,,,,,,No layout updates,Block after Info Column,,,, ,Use config,Use config,No,,,1 Year  Warranty.,,
admin,base,mobile,simple,"4,144",OPMBNTFB0851,0,Disabled,No,"Catalog, Search",GST0.24,No,,Yes,Yes,No,Yes,,,,,,,1 Year Warranty.,,,,1 Year Warranty.,,,,,No,No,No,,No,,0,Apple iPhone 6 64GB GOLD,,,,,,,,,,No layout updates,Block after Info Column,,,, ,Use config,Use config,No,,,1 Year  Warranty.,,
admin,base,mobile,simple,"4,144",OPMBNTFB0852,0,Disabled,No,"Catalog, Search",GST0.24,No,,Yes,Yes,No,Yes,,,,,,,1 Year Warranty.,,,,1 Year Warranty.,,,,,No,No,No,,No,,0,Apple iPhone 7 Plus 128GB SILVER,,,,,,,,,,No layout updates,Block after Info Column,,,, ,Use config,Use config,No,,,1 Year  Warranty.,,
admin,base,mobile,simple,"4,144",OPMBNTFB0853,0,Disabled,No,"Catalog, Search",GST0.24,No,,Yes,Yes,No,Yes,,,,,,,1 Year Warranty.,,,,1 Year Warranty.,,,,,No,No,No,,No,,0,"ONEPLUS 3 (GUNMETAL, 128GB)",,,,,,,,,,No layout updates,Block after Info Column,,,, ,Use config,Use config,No,,,1 Year  Warranty.,,
admin,base,mobile,simple,"4,144",OPMBNTFB0854,0,Disabled,No,"Catalog, Search",GST0.24,No,,Yes,Yes,No,Yes,,,,,,,1 Year Warranty.,,,,1 Year Warranty.,,,,,No,No,No,,No,,0,SAMSUNG GALAXY J7 PRIME (G610F) 16GB GOLD,,,,,,,,,,No layout updates,Block after Info Column,,,, ,Use config,Use config,No,,,1 Year  Warranty.,,
admin,base,mobile,simple,"4,144",OPMBNTFB0855,0,Disabled,No,"Catalog, Search",GST0.24,No,,Yes,Yes,No,Yes,,,,,,,1 Year Warranty.,,,,1 Year Warranty.,,,,,No,No,No,,No,,0,YOTAPHONE C9660 2GB (32GB BLACK),,,,,,,,,,No layout updates,Block after Info Column,,,, ,Use config,Use config,No,,,1 Year  Warranty.,,
admin,base,mobile,simple,"4,144",OPMBNTFB0856,0,Disabled,No,"Catalog, Search",GST0.24,No,,Yes,Yes,No,Yes,,,,,,,1 Year Warranty.,,,,1 Year Warranty.,,,,,No,No,No,,No,,0,Apple iPhone 5c 16GB WHITE,,,,,,,,,,No layout updates,Block after Info Column,,,, ,Use config,Use config,No,,,1 Year  Warranty.,,
admin,base,mobile,simple,"4,144",OPMBNTFB0857,0,Disabled,No,"Catalog, Search",GST0.24,No,,Yes,Yes,No,Yes,,,,,,,1 Year Warranty.,,,,1 Year Warranty.,,,,,No,No,No,,No,,0,SAMSUNG GALAXY J7 (16 GB) WHITE,,,,,,,,,,No layout updates,Block after Info Column,,,, ,Use config,Use config,No,,,1 Year  Warranty.,,
admin,base,mobile,simple,"4,144",OPMBNTFB0858,0,Disabled,No,"Catalog, Search",GST0.24,No,,Yes,Yes,No,Yes,,,,,,,1 Year Warranty.,,,,1 Year Warranty.,,,,,No,No,No,,No,,0,LENOVO VIBE K5 (GREY 16GB),,,,,,,,,,No layout updates,Block after Info Column,,,, ,Use config,Use config,No,,,1 Year  Warranty.,,
admin,base,mobile,simple,"4,144",OPMBNTFB0859,0,Disabled,No,"Catalog, Search",GST0.24,No,,Yes,Yes,No,Yes,,,,,,,1 Year Warranty.,,,,1 Year Warranty.,,,,,No,No,No,,No,,0,KARBONN K-FLIP 2  (RED),,,,,,,,,,No layout updates,Block after Info Column,,,, ,Use config,Use config,No,,,1 Year  Warranty.,,
admin,base,mobile,simple,"4,144",OPMBNTFB0860,0,Disabled,No,"Catalog, Search",GST0.24,No,,Yes,Yes,No,Yes,,,,,,,1 Year Warranty.,,,,1 Year Warranty.,,,,,No,No,No,,No,,0,"SWIPE ELITE 3 (SILVER, 16 GB)",,,,,,,,,,No layout updates,Block after Info Column,,,, ,Use config,Use config,No,,,1 Year  Warranty.,,
admin,base,mobile,simple,"4,144",OPMBNTFB0861,0,Disabled,No,"Catalog, Search",GST0.24,No,,Yes,Yes,No,Yes,,,,,,,1 Year Warranty.,,,,1 Year Warranty.,,,,,No,No,No,,No,,0,MI A1 64GB BLACK,,,,,,,,,,No layout updates,Block after Info Column,,,, ,Use config,Use config,No,,,1 Year  Warranty.,,
admin,base,mobile,simple,"4,144",OPMBNTFB0862,0,Disabled,No,"Catalog, Search",GST0.24,No,,Yes,Yes,No,Yes,,,,,,,1 Year Warranty.,,,,1 Year Warranty.,,,,,No,No,No,,No,,0,Honor 6X BLN-L22 4GB 64GB Silver,,,,,,,,,,No layout updates,Block after Info Column,,,, ,Use config,Use config,No,,,1 Year  Warranty.,,
admin,base,mobile,simple,"4,144",OPMBNTFB0863,0,Disabled,No,"Catalog, Search",GST0.24,No,,Yes,Yes,No,Yes,,,,,,,1 Year Warranty.,,,,1 Year Warranty.,,,,,No,No,No,,No,,0,Honor 6X BLN-L22 3GB 32GB Gold,,,,,,,,,,No layout updates,Block after Info Column,,,, ,Use config,Use config,No,,,1 Year  Warranty.,,
admin,base,mobile,simple,"4,144",OPMBNTFB0864,0,Disabled,No,"Catalog, Search",GST0.24,No,,Yes,Yes,No,Yes,,,,,,,1 Year Warranty.,,,,1 Year Warranty.,,,,,No,No,No,,No,,0,APPLE IPHONE 7 PLUS 32GB GOLD,,,,,,,,,,No layout updates,Block after Info Column,,,, ,Use config,Use config,No,,,1 Year  Warranty.,,
admin,base,mobile,simple,"4,144",OPMBNTFB0865,0,Disabled,No,"Catalog, Search",GST0.24,No,,Yes,Yes,No,Yes,,,,,,,1 Year Warranty.,,,,1 Year Warranty.,,,,,No,No,No,,No,,0,Samsung Galaxy J1 4GB WHITE,,,,,,,,,,No layout updates,Block after Info Column,,,, ,Use config,Use config,No,,,1 Year  Warranty.,,
admin,base,mobile,simple,"4,144",OPMBNTFB0866,0,Disabled,No,"Catalog, Search",GST0.24,No,,Yes,Yes,No,Yes,,,,,,,1 Year Warranty.,,,,1 Year Warranty.,,,,,No,No,No,,No,,0,Oppo F1s 32GB GOLD,,,,,,,,,,No layout updates,Block after Info Column,,,, ,Use config,Use config,No,,,1 Year  Warranty.,,
admin,base,mobile,simple,"4,97",QCMBA000069,0,Disabled,No,"Catalog, Search",GST0.24,No,,Yes,Yes,No,Yes,,,,,,,1 Year Warranty.,,,,1 Year Warranty.,,,,,No,No,No,,No,,0,SAMSUNG GALAXY E7 (16GB) (B),,,,,,,,,,No layout updates,Block after Info Column,,,, ,Use config,Use config,No,,,1 Year  Warranty.,,
admin,base,mobile,simple,"4,97",QCMBA000070,0,Disabled,No,"Catalog, Search",GST0.24,No,,Yes,Yes,No,Yes,,,,,,,1 Year Warranty.,,,,1 Year Warranty.,,,,,No,No,No,,No,,0,REDMI NOTE 3 (16 GB),,,,,,,,,,No layout updates,Block after Info Column,,,, ,Use config,Use config,No,,,1 Year  Warranty.,,
admin,base,mobile,simple,"4,97",QCMBA000071,0,Disabled,No,"Catalog, Search",GST0.24,No,,Yes,Yes,No,Yes,,,,,,,1 Year Warranty.,,,,1 Year Warranty.,,,,,No,No,No,,No,,0,MOTOROLA MOTO E3 POWER,,,,,,,,,,No layout updates,Block after Info Column,,,, ,Use config,Use config,No,,,1 Year  Warranty.,,
admin,base,mobile,simple,"4,97",QCMBA000072,0,Disabled,No,"Catalog, Search",GST0.24,No,,Yes,Yes,No,Yes,,,,,,,1 Year Warranty.,,,,1 Year Warranty.,,,,,No,No,No,,No,,0,XIAOMI REDMI 2 (8GB),,,,,,,,,,No layout updates,Block after Info Column,,,, ,Use config,Use config,No,,,1 Year  Warranty.,,
admin,base,mobile,simple,"4,97",QCMBA000073,0,Disabled,No,"Catalog, Search",GST0.24,No,,Yes,Yes,No,Yes,,,,,,,1 Year Warranty.,,,,1 Year Warranty.,,,,,No,No,No,,No,,0,SAMSUNG GALAXY J2 (2016) (8 GB),,,,,,,,,,No layout updates,Block after Info Column,,,, ,Use config,Use config,No,,,1 Year  Warranty.,,
admin,base,mobile,simple,"4,97",QCMBA000074,0,Disabled,No,"Catalog, Search",GST0.24,No,,Yes,Yes,No,Yes,,,,,,,1 Year Warranty.,,,,1 Year Warranty.,,,,,No,No,No,,No,,0,LENOVO K3 NOTE (16GB),,,,,,,,,,No layout updates,Block after Info Column,,,, ,Use config,Use config,No,,,1 Year  Warranty.,,
admin,base,mobile,simple,"4,97",QCMBA000075,0,Disabled,No,"Catalog, Search",GST0.24,No,,Yes,Yes,No,Yes,,,,,,,1 Year Warranty.,,,,1 Year Warranty.,,,,,No,No,No,,No,,0,MI 5 (32GB),,,,,,,,,,No layout updates,Block after Info Column,,,, ,Use config,Use config,No,,,1 Year  Warranty.,,
admin,base,mobile,simple,"4,97",QCMBB000314,0,Disabled,No,"Catalog, Search",GST0.24,No,,Yes,Yes,No,Yes,,,,,,,1 Year Warranty.,,,,1 Year Warranty.,,,,,No,No,No,,No,,0,SAMSUNG GALAXY ON 7 16GB,,,,,,,,,,No layout updates,Block after Info Column,,,, ,Use config,Use config,No,,,1 Year  Warranty.,,
admin,base,mobile,simple,"4,97",QCMBB000315,0,Disabled,No,"Catalog, Search",GST0.24,No,,Yes,Yes,No,Yes,,,,,,,1 Year Warranty.,,,,1 Year Warranty.,,,,,No,No,No,,No,,0,SAMSUNG GALAXY J2 (8 GB),,,,,,,,,,No layout updates,Block after Info Column,,,, ,Use config,Use config,No,,,1 Year  Warranty.,,
admin,base,mobile,simple,"4,97",QCMBB000316,0,Disabled,No,"Catalog, Search",GST0.24,No,,Yes,Yes,No,Yes,,,,,,,1 Year Warranty.,,,,1 Year Warranty.,,,,,No,No,No,,No,,0,Samsung Galaxy J5 8GB,,,,,,,,,,No layout updates,Block after Info Column,,,, ,Use config,Use config,No,,,1 Year  Warranty.,,
admin,base,mobile,simple,"4,97",QCMBB000317,0,Disabled,No,"Catalog, Search",GST0.24,No,,Yes,Yes,No,Yes,,,,,,,1 Year Warranty.,,,,1 Year Warranty.,,,,,No,No,No,,No,,0,SAMSUNG GALAXY A7 (16GB),,,,,,,,,,No layout updates,Block after Info Column,,,, ,Use config,Use config,No,,,1 Year  Warranty.,,
admin,base,mobile,simple,"4,97",QCMBB000318,0,Disabled,No,"Catalog, Search",GST0.24,No,,Yes,Yes,No,Yes,,,,,,,1 Year Warranty.,,,,1 Year Warranty.,,,,,No,No,No,,No,,0,LENOVO VIBE K5 NOTE (B),,,,,,,,,,No layout updates,Block after Info Column,,,, ,Use config,Use config,No,,,1 Year  Warranty.,,
admin,base,mobile,simple,"4,97",QCMBB000319,0,Disabled,No,"Catalog, Search",GST0.24,No,,Yes,Yes,No,Yes,,,,,,,1 Year Warranty.,,,,1 Year Warranty.,,,,,No,No,No,,No,,0,LENOVO P780 (4GB),,,,,,,,,,No layout updates,Block after Info Column,,,, ,Use config,Use config,No,,,1 Year  Warranty.,,
admin,base,mobile,simple,"4,97",QCMBB000320,0,Disabled,No,"Catalog, Search",GST0.24,No,,Yes,Yes,No,Yes,,,,,,,1 Year Warranty.,,,,1 Year Warranty.,,,,,No,No,No,,No,,0,LENOVO VIBE K5 NOTE (32GB) (A),,,,,,,,,,No layout updates,Block after Info Column,,,, ,Use config,Use config,No,,,1 Year  Warranty.,,
admin,base,mobile,simple,"4,97",QCMBB000321,0,Disabled,No,"Catalog, Search",GST0.24,No,,Yes,Yes,No,Yes,,,,,,,1 Year Warranty.,,,,1 Year Warranty.,,,,,No,No,No,,No,,0,Samsung Galaxy J5 - 6 (New 2016 Edition),,,,,,,,,,No layout updates,Block after Info Column,,,, ,Use config,Use config,No,,,1 Year  Warranty.,,
admin,base,mobile,simple,"4,97",QCMBB000322,0,Disabled,No,"Catalog, Search",GST0.24,No,,Yes,Yes,No,Yes,,,,,,,1 Year Warranty.,,,,1 Year Warranty.,,,,,No,No,No,,No,,0,Samsung Galaxy J1,,,,,,,,,,No layout updates,Block after Info Column,,,, ,Use config,Use config,No,,,1 Year  Warranty.,,
admin,base,mobile,simple,"4,97",QCMBB000323,0,Disabled,No,"Catalog, Search",GST0.24,No,,Yes,Yes,No,Yes,,,,,,,1 Year Warranty.,,,,1 Year Warranty.,,,,,No,No,No,,No,,0,Xiaomi Redmi 4 64GB,,,,,,,,,,No layout updates,Block after Info Column,,,, ,Use config,Use config,No,,,1 Year  Warranty.,,
admin,base,mobile,simple,"4,97",QCMBB000324,0,Disabled,No,"Catalog, Search",GST0.24,No,,Yes,Yes,No,Yes,,,,,,,1 Year Warranty.,,,,1 Year Warranty.,,,,,No,No,No,,No,,0,SAMSUNG GALAXY ON 7 8GB,,,,,,,,,,No layout updates,Block after Info Column,,,, ,Use config,Use config,No,,,1 Year  Warranty.,,
admin,base,mobile,simple,"4,97",QCMBB000325,0,Disabled,No,"Catalog, Search",GST0.24,No,,Yes,Yes,No,Yes,,,,,,,1 Year Warranty.,,,,1 Year Warranty.,,,,,No,No,No,,No,,0,Oppo F1s 4GB RAM 32GB,,,,,,,,,,No layout updates,Block after Info Column,,,, ,Use config,Use config,No,,,1 Year  Warranty.,,
admin,base,mobile,simple,"4,97",QCMBB000326,0,Disabled,No,"Catalog, Search",GST0.24,No,,Yes,Yes,No,Yes,,,,,,,1 Year Warranty.,,,,1 Year Warranty.,,,,,No,No,No,,No,,0,HTC Desire 820S Dual Sim,,,,,,,,,,No layout updates,Block after Info Column,,,, ,Use config,Use config,No,,,1 Year  Warranty.,,
admin,base,mobile,simple,"4,97",QCMBB000327,0,Disabled,No,"Catalog, Search",GST0.24,No,,Yes,Yes,No,Yes,,,,,,,1 Year Warranty.,,,,1 Year Warranty.,,,,,No,No,No,,No,,0,Samsung Galaxy C7 Pro 64GB,,,,,,,,,,No layout updates,Block after Info Column,,,, ,Use config,Use config,No,,,1 Year  Warranty.,,
admin,base,mobile,simple,"4,97",QCMBB000328,0,Disabled,No,"Catalog, Search",GST0.24,No,,Yes,Yes,No,Yes,,,,,,,1 Year Warranty.,,,,1 Year Warranty.,,,,,No,No,No,,No,,0,Apple iPhone 6s Plus 16GB,,,,,,,,,,No layout updates,Block after Info Column,,,, ,Use config,Use config,No,,,1 Year  Warranty.,,
admin,base,mobile,simple,"4,97",QCMBB000329,0,Disabled,No,"Catalog, Search",GST0.24,No,,Yes,Yes,No,Yes,,,,,,,1 Year Warranty.,,,,1 Year Warranty.,,,,,No,No,No,,No,,0,Apple iPhone 6S 32GB,,,,,,,,,,No layout updates,Block after Info Column,,,, ,Use config,Use config,No,,,1 Year  Warranty.,,
admin,base,mobile,simple,"4,97",QCMBB000330,0,Disabled,No,"Catalog, Search",GST0.24,No,,Yes,Yes,No,Yes,,,,,,,1 Year Warranty.,,,,1 Year Warranty.,,,,,No,No,No,,No,,0,Samsung Galaxy J1 4GB,,,,,,,,,,No layout updates,Block after Info Column,,,, ,Use config,Use config,No,,,1 Year  Warranty.,,
admin,base,mobile,simple,"4,97",QCMBB000331,0,Disabled,No,"Catalog, Search",GST0.24,No,,Yes,Yes,No,Yes,,,,,,,1 Year Warranty.,,,,1 Year Warranty.,,,,,No,No,No,,No,,0,Motorola Moto G4 Plus 32GB,,,,,,,,,,No layout updates,Block after Info Column,,,, ,Use config,Use config,No,,,1 Year  Warranty.,,
admin,base,mobile,simple,"4,97",QCMBB000332,0,Disabled,No,"Catalog, Search",GST0.24,No,,Yes,Yes,No,Yes,,,,,,,1 Year Warranty.,,,,1 Year Warranty.,,,,,No,No,No,,No,,0,Samsung Galaxy J5 2015,,,,,,,,,,No layout updates,Block after Info Column,,,, ,Use config,Use config,No,,,1 Year  Warranty.,,
admin,base,mobile,simple,"4,97",QCMBB000333,0,Disabled,No,"Catalog, Search",GST0.24,No,,Yes,Yes,No,Yes,,,,,,,1 Year Warranty.,,,,1 Year Warranty.,,,,,No,No,No,,No,,0,Oppo F1s 4GB Ram 64GB,,,,,,,,,,No layout updates,Block after Info Column,,,, ,Use config,Use config,No,,,1 Year  Warranty.,,
admin,base,mobile,simple,"4,97",QCMBB000334,0,Disabled,No,"Catalog, Search",GST0.24,No,,Yes,Yes,No,Yes,,,,,,,1 Year Warranty.,,,,1 Year Warranty.,,,,,No,No,No,,No,,0,Lenovo A6000 PLUS 16GB,,,,,,,,,,No layout updates,Block after Info Column,,,, ,Use config,Use config,No,,,1 Year  Warranty.,,
admin,base,mobile,simple,"4,97",QCMBB000335,0,Disabled,No,"Catalog, Search",GST0.24,No,,Yes,Yes,No,Yes,,,,,,,1 Year Warranty.,,,,1 Year Warranty.,,,,,No,No,No,,No,,0,Oppo F1s 4GB Ram 32GB,,,,,,,,,,No layout updates,Block after Info Column,,,, ,Use config,Use config,No,,,1 Year  Warranty.,,
,,,,,,,,,,,,,,,,,,,,,,,,,,,,,,,,,,,,,,,,,,,,,,,,,,,,,,,,,,,,,,
