sku,image,small_image,thumbnail,
SYGNBQB0327,+/Sony.jpg,+/Sony.jpg,+/Sony.jpg,
QCNBB001817,+/Sony.jpg,+/Sony.jpg,+/Sony.jpg,
QCNBB001826,+/Sony.jpg,+/Sony.jpg,+/Sony.jpg,
QCNBB001830,+/Sony.jpg,+/Sony.jpg,+/Sony.jpg,
QCNBB001838,+/Sony.jpg,+/Sony.jpg,+/Sony.jpg,
QCNBB001850,+/Sony.jpg,+/Sony.jpg,+/Sony.jpg,
SYGNBQB0328,+/Sony.jpg,+/Sony.jpg,+/Sony.jpg,
SYGNBQB0341,+/Sony.jpg,+/Sony.jpg,+/Sony.jpg,
SYGNBQB0390,+/Sony.jpg,+/Sony.jpg,+/Sony.jpg,
SYGNBQB0392,+/Sony.jpg,+/Sony.jpg,+/Sony.jpg,
SYGNBQB0396,+/Sony.jpg,+/Sony.jpg,+/Sony.jpg,
SYGNBQB0403,+/Sony.jpg,+/Sony.jpg,+/Sony.jpg,
SYGNBQB0405,+/Sony.jpg,+/Sony.jpg,+/Sony.jpg,
SYGNBQB0413,+/Sony.jpg,+/Sony.jpg,+/Sony.jpg,
SYGNBQB0416,+/Sony.jpg,+/Sony.jpg,+/Sony.jpg,
QCNBB001899,+/Sony.jpg,+/Sony.jpg,+/Sony.jpg,
SYGNBQB0055,+/Sony.jpg,+/Sony.jpg,+/Sony.jpg,
QCNBA000069,+/Sony.jpg,+/Sony.jpg,+/Sony.jpg,
QCNBA000072,+/Sony.jpg,+/Sony.jpg,+/Sony.jpg,
QCNBA000074,+/Sony.jpg,+/Sony.jpg,+/Sony.jpg,
QCNBA000078,+/Sony.jpg,+/Sony.jpg,+/Sony.jpg,
QCNBB001936,+/Sony.jpg,+/Sony.jpg,+/Sony.jpg,
SYGNBQB0492,+/Sony.jpg,+/Sony.jpg,+/Sony.jpg,
SYGNBQB0494,+/Sony.jpg,+/Sony.jpg,+/Sony.jpg,
QCNBB001958,+/Sony.jpg,+/Sony.jpg,+/Sony.jpg,
QCNBB001948,+/Sony.jpg,+/Sony.jpg,+/Sony.jpg,
QCNBB001960,+/Sony.jpg,+/Sony.jpg,+/Sony.jpg,
SYGNBAS0341,+/Sony.jpg,+/Sony.jpg,+/Sony.jpg,
SYGNBAS0390,+/Sony.jpg,+/Sony.jpg,+/Sony.jpg,
SYGNBAS0392,+/Sony.jpg,+/Sony.jpg,+/Sony.jpg,
SYGNBAS0396,+/Sony.jpg,+/Sony.jpg,+/Sony.jpg,
SYGNBAS0403,+/Sony.jpg,+/Sony.jpg,+/Sony.jpg,
SYGNBAS0405,+/Sony.jpg,+/Sony.jpg,+/Sony.jpg,
QCNBA000114,+/Sony.jpg,+/Sony.jpg,+/Sony.jpg,
QCNBA000115,+/Sony.jpg,+/Sony.jpg,+/Sony.jpg,
QCNBA000136,+/Sony.jpg,+/Sony.jpg,+/Sony.jpg,
QCNBA000156,+/Sony.jpg,+/Sony.jpg,+/Sony.jpg,
QCNBA000176,+/Sony.jpg,+/Sony.jpg,+/Sony.jpg,
QCNBA000181,+/Sony.jpg,+/Sony.jpg,+/Sony.jpg,
QCNBA000183,+/Sony.jpg,+/Sony.jpg,+/Sony.jpg,
QCNBA000187,+/Sony.jpg,+/Sony.jpg,+/Sony.jpg,
QCNBA000189,+/Sony.jpg,+/Sony.jpg,+/Sony.jpg,
QCNBA000221,+/Sony.jpg,+/Sony.jpg,+/Sony.jpg,
SYGNBQB0501,+/Sony.jpg,+/Sony.jpg,+/Sony.jpg,
SYGNBQB0502,+/Sony.jpg,+/Sony.jpg,+/Sony.jpg,
SYGNBQB0517,+/Sony.jpg,+/Sony.jpg,+/Sony.jpg,
SYGNBQB0521,+/Sony.jpg,+/Sony.jpg,+/Sony.jpg,
SYGNBQB0528,+/Sony.jpg,+/Sony.jpg,+/Sony.jpg,
SYGNBQB0529,+/Sony.jpg,+/Sony.jpg,+/Sony.jpg,
