sku,visibility
QCNBB000115,Not Visible Individually
QCNBB000205,Not Visible Individually
QCNBB000305,Not Visible Individually
QCNBB000708,Not Visible Individually
QCNBB000809,Not Visible Individually
QCNBB001634,Not Visible Individually
QCNBB001959,Not Visible Individually
QCNBB002167,Not Visible Individually
QCNBB002303,Not Visible Individually
QCNBB002300,Not Visible Individually
QCNBBG00001,Not Visible Individually
QCNBBG00002,Not Visible Individually
QCNBBG00003,Not Visible Individually
QCNBBG00004,Not Visible Individually
QCNBBG00005,Not Visible Individually
QCNBBG00006,Not Visible Individually
QCNBBG00007,Not Visible Individually
QCNBBG00008,Not Visible Individually
QCNBBG00009,Not Visible Individually
QCNBBG00010,Not Visible Individually
QCNBBG00011,Not Visible Individually
QCNBBG00012,Not Visible Individually
QCNBBG00013,Not Visible Individually
QCNBBG00014,Not Visible Individually
QCNBBG00015,Not Visible Individually
QCNBBG00016,Not Visible Individually
QCNBBG00017,Not Visible Individually
QCNBBG00018,Not Visible Individually
QCNBBG00019,Not Visible Individually
QCNBBG00020,Not Visible Individually
QCNBBG00021,Not Visible Individually
QCNBBG00022,Not Visible Individually
QCNBBG00023,Not Visible Individually
QCNBBG00024,Not Visible Individually
QCNBBG00025,Not Visible Individually
QCNBBG00026,Not Visible Individually
QCNBBG00027,Not Visible Individually
QCNBBG00028,Not Visible Individually
QCNBBG00029,Not Visible Individually
QCNBBG00030,Not Visible Individually
QCNBBG00031,Not Visible Individually
QCNBBG00032,Not Visible Individually
QCNBBG00033,Not Visible Individually
QCNBBG00034,Not Visible Individually
QCNBBG00037,Not Visible Individually
QCNBBG00035,Not Visible Individually
QCNBBG00036,Not Visible Individually
QCNBBG00038,Not Visible Individually
QCNBBG00041,Not Visible Individually
QCNBBG00042,Not Visible Individually
QCNBBG00043,Not Visible Individually
QCNBBG00044,Not Visible Individually
QCNBBG00045,Not Visible Individually
QCNBBG00046,Not Visible Individually
QCNBBG00047,Not Visible Individually
QCNBBG00048,Not Visible Individually
QCNBBG00049,Not Visible Individually
QCNBBG00050,Not Visible Individually
QCNBBG00051,Not Visible Individually
QCNBBG00052,Not Visible Individually
QCNBBG00053,Not Visible Individually
QCNBBG00054,Not Visible Individually
QCNBBG00055,Not Visible Individually
QCNBBG00056,Not Visible Individually
QCNBBG00057,Not Visible Individually
QCNBBG00058,Not Visible Individually
QCNBBG00059,Not Visible Individually
QCNBBG00060,Not Visible Individually
QCNBBG00061,Not Visible Individually
QCNBBG00063,Not Visible Individually
QCNBBG00066,Not Visible Individually
QCNBBG00065,Not Visible Individually
QCNBBG00064,Not Visible Individually
QCNBBG00067,Not Visible Individually
QCNBBG00068,Not Visible Individually
QCNBBG00069,Not Visible Individually
QCNBB002152,Not Visible Individually
QCNBB002153,Not Visible Individually
QCNBB002154,Not Visible Individually
QCNBB002156,Not Visible Individually
QCNBB002165,Not Visible Individually
QCNBB002247,Not Visible Individually
QCNBBG00070,Not Visible Individually
QCNBBG00074,Not Visible Individually
QCNBBG00073,Not Visible Individually
QCNBBG00077,Not Visible Individually
QCNBBG00078,Not Visible Individually
QCNBBG00079,Not Visible Individually
QCNBBG00076,Not Visible Individually
QCNBBG00071,Not Visible Individually
QCNBBG00072,Not Visible Individually
QCNBBG00075,Not Visible Individually
QCNBB002269,Not Visible Individually
QCNBBG00080,Not Visible Individually
QCNBBG00081,Not Visible Individually
QCNBBG00082,Not Visible Individually
QCNBBG00083,Not Visible Individually
QCNBBG00084,Not Visible Individually
QCNBBG00085,Not Visible Individually
QCNBBG00087,Not Visible Individually
QCNBBG00088,Not Visible Individually
QCNBBG00089,Not Visible Individually
QCNBBG00090,Not Visible Individually
QCNBBG00091,Not Visible Individually
QCNBBG00092,Not Visible Individually
QCNBBG00095,Not Visible Individually
QCNBBG00096,Not Visible Individually
QCNBBG00097,Not Visible Individually
QCNBBG00098,Not Visible Individually
QCNBBG00099,Not Visible Individually
QCNBBG00101,Not Visible Individually
QCNBBG00102,Not Visible Individually
QCNBBG00103,Not Visible Individually
QCNBBG00104,Not Visible Individually
QCNBBG00105,Not Visible Individually
QCNBBG00106,Not Visible Individually
QCNBBG00107,Not Visible Individually
QCNBBG00108,Not Visible Individually
QCNBBG00109,Not Visible Individually
QCNBBG00110,Not Visible Individually
QCNBBG00111,Not Visible Individually
QCNBBG00112,Not Visible Individually
QCNBBG00113,Not Visible Individually
QCNBBG00114,Not Visible Individually
QCNBBG00115,Not Visible Individually
QCNBBG00116,Not Visible Individually
QCNBBG00117,Not Visible Individually
QCNBBG00118,Not Visible Individually
QCNBBG00119,Not Visible Individually
QCNBBG00120,Not Visible Individually
QCNBBG00121,Not Visible Individually
QCNBBG00122,Not Visible Individually
QCNBBG00123,Not Visible Individually
QCNBBG00124,Not Visible Individually
QCNBBG00125,Not Visible Individually
QCNBBG00126,Not Visible Individually
QCNBBG00127,Not Visible Individually
QCNBBG00128,Not Visible Individually
QCNBBG00129,Not Visible Individually
QCNBBG00130,Not Visible Individually
QCNBBG00131,Not Visible Individually
QCNBBG00132,Not Visible Individually
QCNBBG00133,Not Visible Individually
QCNBBG00134,Not Visible Individually
QCNBBG00135,Not Visible Individually
QCNBBG00136,Not Visible Individually
QCNBBG00137,Not Visible Individually
QCNBBG00138,Not Visible Individually
QCNBBG00139,Not Visible Individually
QCNBBG00140,Not Visible Individually
QCNBBG00141,Not Visible Individually
QCNBBG00142,Not Visible Individually
QCNBBG00143,Not Visible Individually
QCNBBG00144,Not Visible Individually
QCNBBG00145,Not Visible Individually
QCNBBG00146,Not Visible Individually
QCNBBG00147,Not Visible Individually
QCNBBG00148,Not Visible Individually
QCNBBG00149,Not Visible Individually
QCNBBG00150,Not Visible Individually
QCNBBG00151,Not Visible Individually
QCNBBG00152,Not Visible Individually
QCNBBG00153,Not Visible Individually
QCNBBG00154,Not Visible Individually
QCNBBG00155,Not Visible Individually
QCNBBG00156,Not Visible Individually
QCNBBG00157,Not Visible Individually
QCNBBG00158,Not Visible Individually
QCNBBG00159,Not Visible Individually
QCNBB002312,Not Visible Individually
QCNBBG00160,Not Visible Individually
QCNBBG00161,Not Visible Individually
QCNBBG00162,Not Visible Individually
QCNBBG00163,Not Visible Individually
QCNBBG00164,Not Visible Individually
QCNBBG00165,Not Visible Individually
QCNBBG00166,Not Visible Individually
QCNBBG00167,Not Visible Individually
QCNBBG00168,Not Visible Individually
QCNBBG00169,Not Visible Individually
QCNBBG00170,Not Visible Individually
QCNBBG00172,Not Visible Individually
QCNBBG00173,Not Visible Individually
QCNBBG00174,Not Visible Individually
QCNBBG00176,Not Visible Individually
QCNBB002314,Not Visible Individually
QCNBBG00178,Not Visible Individually
QCNBBG00179,Not Visible Individually
QCNBBG00180,Not Visible Individually
QCNBBG00181,Not Visible Individually
QCNBBG00183,Not Visible Individually
QCNBBG00182,Not Visible Individually
QCNBBG00184,Not Visible Individually
QCNBBG00185,Not Visible Individually
QCNBBG00186,Not Visible Individually
QCNBBG00187,Not Visible Individually
QCNBBG00188,Not Visible Individually
QCNBBG00191,Not Visible Individually
QCNBBG00198,Not Visible Individually
QCNBB002315,Not Visible Individually
QCNBB002319,Not Visible Individually
QCNBBG00200,Not Visible Individually
QCNBBG00201,Not Visible Individually
QCNBBG00189,Not Visible Individually
QCNBBG00190,Not Visible Individually
QCNBBG00199,Not Visible Individually
QCNBBG00193,Not Visible Individually
QCNBBG00194,Not Visible Individually
QCNBB002318,Not Visible Individually
QCNBBG00202,Not Visible Individually
QCNBB002320,Not Visible Individually
QCNBBG00203,Not Visible Individually
QCNBBG00204,Not Visible Individually
QCNBBG00209,Not Visible Individually
QCNBBG00206,Not Visible Individually
QCNBBG00210,Not Visible Individually
QCNBBG00195,Not Visible Individually
QCNBB002316,Not Visible Individually
QCNBBG00207,Not Visible Individually
QCNBBG00196,Not Visible Individually
QCNBBG00197,Not Visible Individually
QCNBBG00208,Not Visible Individually
QCNBB002317,Not Visible Individually
QCNBBG00205,Not Visible Individually
QCNBBG00214,Not Visible Individually
QCNBBG00215,Not Visible Individually
QCNBBG00216,Not Visible Individually
QCNBB002321,Not Visible Individually
QCNBB002322,Not Visible Individually
QCNBB002323,Not Visible Individually
QCNBB002324,Not Visible Individually
QCNBB002325,Not Visible Individually
QCNBB002326,Not Visible Individually
QCNBB002327,Not Visible Individually
QCNBB002328,Not Visible Individually
QCNBB002329,Not Visible Individually
QCNBBG00212,Not Visible Individually
QCNBBG00213,Not Visible Individually
QCNBBG00217,Not Visible Individually
QCNBBG00219,Not Visible Individually
QCNBBG00220,Not Visible Individually
QCNBBG00221,Not Visible Individually
QCNBBG00222,Not Visible Individually
QCNBBG00223,Not Visible Individually
QCNBBG00224,Not Visible Individually
QCNBBG00225,Not Visible Individually
QCNBBG00226,Not Visible Individually
QCNBBG00227,Not Visible Individually
QCNBBG00228,Not Visible Individually
QCNBBG00229,Not Visible Individually
QCNBBG00231,Not Visible Individually
QCNBBG00232,Not Visible Individually
QCNBBG00233,Not Visible Individually
QCNBBG00234,Not Visible Individually
QCNBBG00235,Not Visible Individually
QCNBBG00236,Not Visible Individually
QCNBBG00237,Not Visible Individually
QCNBBG00238,Not Visible Individually
QCNBBG00239,Not Visible Individually
QCNBBG00241,Not Visible Individually
QCNBBG00242,Not Visible Individually
QCNBBG00243,Not Visible Individually
QCNBBG00244,Not Visible Individually
QCNBBG00245,Not Visible Individually
QCNBBG00246,Not Visible Individually
QCNBBG00247,Not Visible Individually
QCNBBG00248,Not Visible Individually
QCNBBG00250,Not Visible Individually
QCNBBG00251,Not Visible Individually
QCNBBG00252,Not Visible Individually
QCNBBG00253,Not Visible Individually
QCNBBG00254,Not Visible Individually
QCNBBG00255,Not Visible Individually
QCNBBG00256,Not Visible Individually
QCNBBG00257,Not Visible Individually
QCNBBG00258,Not Visible Individually
QCNBBG00259,Not Visible Individually
QCNBBG00260,Not Visible Individually
QCNBBG00261,Not Visible Individually
QCNBBG00262,Not Visible Individually
QCNBBG00263,Not Visible Individually
QCNBBG00264,Not Visible Individually
QCNBBG00265,Not Visible Individually
QCNBBG00266,Not Visible Individually
QCNBBG00267,Not Visible Individually
QCNBBG00249,Not Visible Individually
QCNBBG00269,Not Visible Individually
QCNBBG00270,Not Visible Individually
QCNBBG00273,Not Visible Individually
QCNBBG00274,Not Visible Individually
QCNBBG00275,Not Visible Individually
QCNBBG00276,Not Visible Individually
QCNBBG00277,Not Visible Individually
QCNBBG00278,Not Visible Individually
QCNBBG00279,Not Visible Individually
QCNBBG00280,Not Visible Individually
QCNBBG00281,Not Visible Individually
QCNBBG00282,Not Visible Individually
QCNBBG00283,Not Visible Individually
