sku,color
MOBBBQ10BK,Black
MOBBBZ3PK,Black
NEWMOB00137,Grey
NEWMOB00179,Black
NEWMOB00169,White
MINIX-S1-WHITE,White
MINIX-S4-WHITE,White
PNY-BE520-WHITE,White
CATZ-PB-10400-GOLD,Gold
GF-UC-31-BLACK,Black
GF-UC-3-ROSEGOLD,Gold
GF-UC-3-GOLD,Gold
GF-UC-32-BLACK,Black
CARCHARGER-WHITE,White
MICROUSB-BLACK,Black
GF-UC-4-SILVER,Silver
OPMBNTF0205,Black
OPMBNTF0239,Whie
BT002-BLACK&BROWN,Black
BT002-BLACKGREEN,Black
AB003-WHITE,Whie
L4-WHITEGREEN,Whie
L4-GREYORANGE,Orange
GF-UC-31-WHITE,Whie
GF-UC-31-BLUE,Blue
GF-UC-3-SILVER,SIlver
OPMBNTF0098,White
NEWMOB00304,Grey
NEWMOB00263,Black
NEWMOB00309,White
OPMBNTF0256,Gold
NEWMOB00039,Black
OPMBNTF0048,Grey
OPMBNTF0308,Blue
OPMBNTF0115,Black
OPMBNTF0081,Black
NEWMOB00152,Black
OPMBNTF0211,White
OPMBNTF0118,Black
OPMBNTF0212,Black
OPMBNTF0164,White
OPMBNTF0188,Black
OPMBNTF0213,Black
OPMBNTF0103,Black
OPMBNTF0638,Blue
OPMBNTF0637,Gold
OPMBNTF0540,Gold
OPMBNTF0541,Grey
OPMBNTF0141,Gold
NEWMOB00081,White
NEWMOB00079,Black
NEWMOB00073,Black
NEWMOB00180,White
NEWMOB00050,Black
NEWMOB00051,White
NEWMOB00311,Grey
NEWMOB00298,Grey
NEWMOB00032,Black
NEWMOB00033,White
NEWMOB00074,Black
NEWMOB00158,Black
OPMBNTF0169,Grey
OPMBNTF0220,Gold
OPMBNTF0018/X-STANDER-BLUE,Grey
NEWTAB00026,White
NEWNBK00050,Brown
NEWMOB00053,Black
NEWMOB00069,Black
NEWMOB00075,White
NEWTAB00009,Grey
NEWTAB00005,Gold
NEWTAB00002,Gold
NEWTAB00008,Grey
NEWTAB00006,Silver
NEWTAB00004,Silver
NEWTAB00014,Grey
NEWTAB00015,Silver
NEWTAB00016,Grey
NEWTAB00012,Grey
NEWTAB00013,Silver
NEWTAB00020,Grey
NEWTAB00018,Silver
NEWTAB00019,Gold
NEWTAB00011,Gold
NEWTAB00021,Gold
NEWTAB00017,Silver
NEWTAB00007,Grey
OPMBNTF0274,White
OPMBNTF0341,Blue
NEWMOB00195,Black
NEWMOB00229,Black
OPMBNTF0030,Gold
OPMBNTF0032,Silver
OPMBNTF0043,Gold
OPMBNTF0027,Gold
OPMBNTF0044,Black
MINIX-S501-BLACK,Black
NEWMOB00040,Black
NEWMOB00308,White
OPMBNTF0063,Black
OPNBNTF0172,Silver
OPNBNTF0174,Black
NEWMOB00305,Grey
NEWMOB00306,White
QCNBB000657,Grey
NEWMOB00106,Red
NEWMOB00144,Blue
NEWMOB00153,White
NEWMOB00154,Black
NEWMOB00155,White
NEWMOB00164,Gold
NEWMOB00167,Grey
NEWMOB00168,White
NEWMOB00173,Black
NEWMOB00177,White
NEWMOB00178,Blue
NEWMOB00200,Black
NEWMOB00202,Black
NEWMOB00212,Blue
NEWMOB00213,Grey
NEWMOB00215,Black
NEWMOB00240,Black
NEWMOB00246,Black
NEWMOB00297,Gold
NEWMOB00312,Gold
NEWMOB00322,Brown
NEWMOB00323,Black
NEWMOB00328,Black
OPMBNTF0075,White
OPMBNTF0109,Grey
OPMBNTF0142,Black
OPMBNTF0150,White
OPMBNTF0219,Black
OPMBNTF0665,Grey
OPMBNTF0597,Silver
OPMBNTF0253,Black
OPMBNTF0019/X-STANDER-BLUE,Grey
NEWMOB00354/X-STANDER-BLUE,Blue
QCNBB000877,Black
QCPNBK00239,Black
NEWMOB00290,White
NEWTAB00029,Grey
NEWTAB00030,Grey
NEWTAB00031,Grey
NEWTAB00032,Silver
NEWTAB00033,Silver
NEWTAB00034,Gold
NEWTAB00035,Gold
NEWTAB00036,Silver
NEWTAB00037,Gold
NEWTAB00038,Grey
NEWTAB00039,Gold
NEWTAB00040,Silver
NEWTAB00041,Gold
NEWTAB00042,Grey
NEWTAB00043,Silver
NEWTAB00044,Gold
NEWTAB00045,Silver
NEWTAB00046,Gold
NEWTAB00047,Grey
NEWTAB00048,Silver
NEWTAB00049,Gold
NEWTAB00050,Grey
NEWTAB00051,Gold
NEWTAB00052,Grey
NEWTAB00053,Gold
NEWTAB00054,Gold
NEWTAB00055,Gold
NEWTAB00056,Silver
NEWTAB00057,Gold
NEWTAB00058,Silver
NEWTAB00059,Grey
OPMBNTF0652,Gold
OPMBNTF0245,White
OPMBNTF0257,White
OPMBNTF0319,White
MD829ZM/A,Red
MD974ZM/A,Blue
QCPNBK00246,Black
QCMBB000257,Black
OPMBNTF0575,Black
OPMBNTF0685,Black
OPMBNTF0329,Silver
SYGNBQB0146,Black
OPMBNTF0717,Black
OPMBNTF0720,White
OPMBNTFB0032,Silver
OPMBNTFB0103,Black
OPMBNTFB0115,Black
OPMBNTFB0652,Gold
OPMBNTFB0098,White
OPMBNTFB0030,Gold
OPMBNTFB0081,Black
OPMBNTFB0141,Gold
OPMBNTFB0142,Black
OPMBNTFB0308,Blue
OPMBNTFB0597,Silver
OPMBNTFB0239,White
OPMBNTFB0048,Grey
OPMBNTFB0235,Gold
NEWMOB00412,Black
