SKU,"PRODUCT NAME",CATEGORY,"PRICE (INR)"
OPMBNTFB0625," Asus Zenfone 2 Laser  (Black 16 GB) (B Grade)","Open Box Mobile Grade B",6800
OPMBNTFB0661," Redmi Note 4 4GB - Black 64GB (B Grade)","Open Box Mobile Grade B",8550
OPMBNTFB0003,"Apple iPhone 5s (Space Grey, 16GB)","Open Box Mobile Grade B",9225
OPMBNTFB0001,"Apple iPhone 6 (Space Grey, 16 GB) (B Grade)","Open Box Mobile Grade B",14600
OPMBNTFB0560,"Apple iPhone 6 Plus (Space Grey, 16 GB) (B Grade)","Open Box Mobile Grade B",22800
OPMBNTFB0714,"Apple iPhone 6S (Silver, 64 GB) (B Grade)","Open Box Mobile Grade B",43200
OPMBNTFB0272,"Apple iPhone 6S (Space Grey, 64 GB) (B Grade)","Open Box Mobile Grade B",24300
OPMBNTFB0015,"Apple iPhone 7 (Jet Black, 128 GB)(B Grade)","Open Box Mobile Grade B",33750
OPMBNTFB0087,"Asus Zenfone 2 Laser ZE550ML (Black, 16 GB) (B Grade)","Open Box Mobile Grade B",5400
OPMBNTFB0619,"Asus Zenfone 2 ZE551ML (Silver, 16 GB)(B Grade)","Open Box Mobile Grade B",6750
OPMBNTFB0606,"Asus Zenfone 3 (Black, 64 GB) (4 GB RAM)(B Grade)","Open Box Mobile Grade B",13300
OPMBNTFB0626,"Asus Zenfone Selfie 2G (16GB, Silver) (B Grade)","Open Box Mobile Grade B",6100
OPMBNTFB0204,"Blackberry Passport  (Black, 32 GB) (B Grade)","Open Box Mobile Grade B",12700
OPMBNTFB0353,"Coolpad Note 3 Plus Gold (B Grade)","Open Box Mobile Grade B",7200
OPMBNTFB0081,"Creo Mark 1 CM0101B (Gun Metal Black, 32 GB)(B Grade)","Open Box Mobile Grade B",6000
OPMBNTFB0206,"Honor 4C (WHITE, 8 GB) (B Grade)","Open Box Mobile Grade B",4300
OPMBNTFB0635,"Honor 5C (Grey )(B Grade)","Open Box Mobile Grade B",5670
OPMBNTFB0367,"Honor 6 (Black, 16 GB)(B Grade)","Open Box Mobile Grade B",7900
OPMBNTFB0185,"Honor 6X BLN-L22 4GB  (64GB Gold)(B Grade)","Open Box Mobile Grade B",11400
OPMBNTFB0636,"Honor 8 (PEARL WHITE 32GB)(B Grade)","Open Box Mobile Grade B",11700
OPMBNTFB0123,"Honor Y541-U02 1GB  (8GB Black)(B Grade)","Open Box Mobile Grade B",2300
OPMBNTFB0186,"Honor Y541-U02 1GB (8GB Black White)","Open Box Mobile Grade B",2250
OPMBNTFB0034,"HTC Desire 10 Lifestyle (Polor White 32GB)(B Grade)","Open Box Mobile Grade B",6300
OPMBNTFB0562,"HTC Desire 826 (White , 16 GB) (B Grade)","Open Box Mobile Grade B",9000
OPMBNTFB0128,"HTC One M8Eye 2Gb (16GB Grey) (B Grade)","Open Box Mobile Grade B",9000
OPMBNTFB0401,"Karbonn Bahubali Black (B Grade)","Open Box Mobile Grade B",2100
OPMBNTFB0244,"KARBONN SMART A11 (BLACK) (B Grade)","Open Box Mobile Grade B",2300
OPMBNTFB0405,"Karbonn Smart A12 (White & Gold, 4GB)(B Grade)","Open Box Mobile Grade B",2700
OPMBNTFB0118,"Karbonn Smart A12 Star (Black & Silver) (B Grade)","Open Box Mobile Grade B",2200
OPMBNTFB0287,"Karbonn Smart A50S (Black)(B Grade)","Open Box Mobile Grade B",1600
OPMBNTFB0411,"Karbonn Titanium S8 (Black & Red)(B Grade)","Open Box Mobile Grade B",2900
OPMBNTFB0246,"Lava Flair P1 (Black) (B Grade)","Open Box Mobile Grade B",1800
OPMBNTFB0419,"Lava Iris Alfa L (White, 8 GB)  (1 GB RAM) (B Grade)","Open Box Mobile Grade B",4000
OPMBNTFB0164,"Lava Iris Selfie 50 (White) (B Grade)","Open Box Mobile Grade B",4100
OPMBNTFB0188,"Lava Iris Win1 (Black) (B Grade)","Open Box Mobile Grade B",2100
OPMBNTFB0290,"Lava Iris X1 Grand (White & Silver) (B Grade)","Open Box Mobile Grade B",3600
OPMBNTFB0103,"Lava Iris X8 (Black,16GB) (B Grade)","Open Box Mobile Grade B",3000
OPMBNTFB0075,"Lava Pixel V1 with Android One (32GB, White) (B Grade)","Open Box Mobile Grade B",3000
OPMBNTFB0796,"LeEco Le 1S X507 (Silver, 32 GB) (B Grade)","Open Box Mobile Grade B",6000
OPMBNTFB0036,"Leeco Le Max 2 (Rose Gold 32GB)(B Grade)","Open Box Mobile Grade B",5900
OPMBNTFB0551,"Lenovo K6 Power (Gold , 32 GB) (3 GB RAM)(B Grade)","Open Box Mobile Grade B",5625
OPMBNTFB0022,"Lenovo K6 Power (Gold, 32 GB) (4 GB RAM)(B Grade)","Open Box Mobile Grade B",6075
OPMBNTFB0024,"Lenovo K6 Power (Grey / Dark Grey, 32 GB)  (3 GB RAM) (B Grade)","Open Box Mobile Grade B",5700
OPMBNTFB0553,"Lenovo K6 Power (Grey / Dark Grey, 32 GB) (4 GB RAM)(B Grade)","Open Box Mobile Grade B",6000
OPMBNTFB0055,"Lenovo K6 Power (Silver, 32 GB)  (4 GB RAM) (B Grade)","Open Box Mobile Grade B",6100
OPMBNTFB0165,"Lenovo Vibe K5 (Gold, 16GB)(B Grade)","Open Box Mobile Grade B",4950
OPMBNTFB0297,"Lenovo Vibe K5 Plus  ( DarkGrey, 16 GB) (B Grade)","Open Box Mobile Grade B",5300
OPMBNTFB0434,"LENOVO VIBE K5 PLUS (Silver, 16 GB) (B Grade)","Open Box Mobile Grade B",5300
OPMBNTFB0722,"Lenovo VIBE P1 (Black, 32GB)(B Grade)","Open Box Mobile Grade B",9700
OPMBNTFB0432,"Lenovo Vibe X3 (White,32GB)(B Grade)","Open Box Mobile Grade B",11000
OPMBNTFB0189,"Lenovo Z2 Plus (64GB White)(B Grade)","Open Box Mobile Grade B",7920
OPMBNTFB0565,"LETV LE 1S (X509) 3GB 32GB GOLD(B Grade)","Open Box Mobile Grade B",5600
OPMBNTFB0133,"Mi Max (Silver, 32 GB)(B Grade)","Open Box Mobile Grade B",8600
OPMBNTFB0566,"Micromax Canvas 5 E481 ( 16GB SLATE GREY) (B Grade)","Open Box Mobile Grade B",8000
OPMBNTFB0063,"Micromax Canvas 6 Pro (16GB Black) (B Grade)","Open Box Mobile Grade B",5200
OPMBNTFB0446,"Micromax Canvas A290 1GB (8GB Black and Gold) B grade","Open Box Mobile Grade B",5700
OPMBNTFB0301,"Micromax Canvas Juice 2 AQ5001 (Silver, 8 GB) (B Grade)","Open Box Mobile Grade B",4100
OPMBNTFB0168,"Micromax Canvas Juice 4G Q461 (Grey, 8GB) (B Grade)","Open Box Mobile Grade B",4600
OPMBNTFB0086,"Micromax Canvas Mega 4G  (Blue 16GB) (B Grade)","Open Box Mobile Grade B",4500
OPMBNTFB0031,"Micromax CG666 (White-Grey) (B Grade)","Open Box Mobile Grade B",500
OPMBNTFB0646,"Moto C Plus (Pearl White, 16 GB)(B Grade)","Open Box Mobile Grade B",4725
OPMBNTFB0648,"Moto E4 Plus (IRON GRAY, 32 GB)(B Grade)","Open Box Mobile Grade B",6900
OPMBNTFB0154,"MOTO G (3RD GENERATION) XT1550 (Black 16GB) (B Grade)","Open Box Mobile Grade B",6600
OPMBNTFB0037,"Moto G 4th Gen (Black, 16GB)(B Grade)","Open Box Mobile Grade B",4800
OPMBNTFB0028,"Moto G 4th Gen (Black, 32GB)(B Grade)","Open Box Mobile Grade B",5500
OPMBNTFB0029,"Moto G 4th Gen (White, 32GB) (B Grade)","Open Box Mobile Grade B",5500
OPMBNTFB0038,"Moto G 4th Gen (White,16GB) (B Grade)","Open Box Mobile Grade B",4800
OPMBNTFB0021,"Moto G Plus, 4th Gen (Black, 16GB) (B Grade)","Open Box Mobile Grade B",5000
OPMBNTFB0017,"Moto G Plus, 4th Gen (Black, 32GB) (B Grade)","Open Box Mobile Grade B",5750
OPMBNTFB0023,"Moto G Plus, 4th Gen (White, 32GB) (B Grade)","Open Box Mobile Grade B",5750
OPMBNTFB0026,"Moto G Plus, 4th Gen (White,16GB) (B Grade)","Open Box Mobile Grade B",5250
OPMBNTFB0605,"Moto G Turbo Edition (Black, 16 GB) (B Grade)","Open Box Mobile Grade B",5100
OPMBNTFB0093,"Moto G Turbo Edition (White, 16 GB)(B Grade)","Open Box Mobile Grade B",4900
OPMBNTFB0465,"Moto G4 Play (Black, 16GB)(B Grade)","Open Box Mobile Grade B",4500
OPMBNTFB0106,"Moto G4 Play (White, 16GB)(B Grade)","Open Box Mobile Grade B",4800
OPMBNTFB0557,"Moto G5 Plus (Fine Gold, 16 GB)  (B Grade)","Open Box Mobile Grade B",6300
OPMBNTFB0035,"Moto G5 Plus (Fine Gold, 32 GB)(B Grade)","Open Box Mobile Grade B",6800
OPMBNTFB0604,"Moto G5 Plus (Lunar Grey, 16 GB) (B Grade)","Open Box Mobile Grade B",6300
OPMBNTFB0018,"Moto G5 Plus (Lunar Grey, 32 GB) (B Grade)","Open Box Mobile Grade B",6800
OPMBNTFB0598,"Moto M (Gold, 32 GB) (B Grade)","Open Box Mobile Grade B",7200
OPMBNTFB0603,"Moto M (Gold, 64 GB)(B Grade)","Open Box Mobile Grade B",8300
OPMBNTFB0099,"Moto M (Grey, 32 GB)(B Grade)","Open Box Mobile Grade B",7200
OPMBNTFB0632,"Moto M (Grey, 64 GB) (B Grade)","Open Box Mobile Grade B",10100
OPMBNTFB0602,"Moto M (Silver, 64 GB)(B Grade)","Open Box Mobile Grade B",7650
OPMBNTFB0675,"MOTO X (2ND GEN) XT1092 32GB COGNAC LEATHER(B Grade)","Open Box Mobile Grade B",6300
OPMBNTFB0192,"Moto X Play  (White, 16 GB) (B Grade)","Open Box Mobile Grade B",5700
OPMBNTFB0218,"Moto X Play (Black, 16 GB) (B Grade)","Open Box Mobile Grade B",5700
OPMBNTFB0468,"Moto X Play (Black, 32 GB) (B Grade)","Open Box Mobile Grade B",7300
OPMBNTFB0643,"Moto X Style XT1572 (16GB White) (B Grade)","Open Box Mobile Grade B",7200
OPMBNTFB0047,"Moto X-Force ( 64GB Black )(B Grade)","Open Box Mobile Grade B",8280
OPMBNTFB0567,"MOTO XT 1092 Black (B Grade)","Open Box Mobile Grade B",7300
OPMBNTFB0305,"MOTOROLA G (XT1033) (1ST GEN) 16GB BLACK(B Grade)","Open Box Mobile Grade B",2620
OPMBNTFB0778,"Motorola Moto X Force (64GB, Grey Nylon) (B Grade)","Open Box Mobile Grade B",8300
OPMBNTFB0779,"Motorola Moto X Play XT1562 (32GB, White) (B Grade)","Open Box Mobile Grade B",7300
OPMBNTFB0216,"MOTOROLA Nexus 6 (32GB Dark) (B Grade)","Open Box Mobile Grade B",10000
OPMBNTFB0100,"Motorola Nexus 6 (Midnight Blue, 32 GB) (B Grade)","Open Box Mobile Grade B",7700
OPMBNTFB0466,"Motorola Nexus 6 (White , 32 GB) (B Grade)","Open Box Mobile Grade B",7700
OPMBNTFB0250,"MOTOROLA Turbo Edition (XT 1557) 16GB Black (B Grade)","Open Box Mobile Grade B",5900
OPMBNTFB0780,"Motorola X (2nd Generation) XT1092 32GB Black (B Grade)","Open Box Mobile Grade B",6300
OPMBNTFB0600,"Motorola X (2nd Generation) XT1092 32GB Black(B Grade)","Open Box Mobile Grade B",6300
OPMBNTFB0671,"Motorola X (2nd Generation) XT1092 32GB ROYAL BLUE (B Grade)","Open Box Mobile Grade B",6300
OPMBNTFB0126,"MOTOROLA X (XT1052) (Black, 16GB) (B Grade)","Open Box Mobile Grade B",4501
OPMBNTFB0782,"Motorola X Play XT1562 (Black, 16GB) (B Grade)","Open Box Mobile Grade B",5700
OPMBNTFB0470,"Motorola X Style- 1572 (16GB, Black) (B grade)","Open Box Mobile Grade B",9000
OPMBNTFB0570,"Nokia Lumia 1020 32GB (Black)(B Grade)","Open Box Mobile Grade B",8100
OPMBNTFB0153,"Nokia Lumia 520 (Black 8GB) (B Grade)","Open Box Mobile Grade B",8300
OPMBNTFB0693,"Nokia Lumia 530 Dual Sim (Black) (B Grade)","Open Box Mobile Grade B",2800
OPMBNTFB0474,"Nokia Lumia 625 (8GB, Black) (B Grade)","Open Box Mobile Grade B",5900
OPMBNTFB0253,"One plus One 64GB (Sandstone Black)(B Grade)","Open Box Mobile Grade B",6100
OPMBNTFB0058,"OnePlus 3 (Graphite, 64GB) (B Grade)","Open Box Mobile Grade B",13000
OPMBNTFB0107,"OnePlus 3T (Gunmetal, 128GB) (B Grade)","Open Box Mobile Grade B",20300
OPMBNTFB0641,"OnePlus 3T (Gunmetal, 64GB)(B Grade)","Open Box Mobile Grade B",17200
OPMBNTFB0572,"ONEPLUS X (16GB, BLACK)(B Grade)","Open Box Mobile Grade B",9000
OPMBNTFB0043,"OPPO F3 CPH1609 (Gold 64 GB) (B Grade)","Open Box Mobile Grade B",11300
OPMBNTFB0140,"Panasonic Eluga Arc 2 3GB  (32GB Rose Gold) (B Grade)","Open Box Mobile Grade B",6900
OPMBNTFB0256,"Panasonic Eluga Turbo (Chamagane Gold) 32GB (B Grade)","Open Box Mobile Grade B",5200
OPMBNTFB0484,"Reliance ZTe D286 (B Grade)","Open Box Mobile Grade B",1100
OPMBNTFB0257,"SAMSUNG GALAXY A5 (A500G)  WHITE (B Grade)","Open Box Mobile Grade B",8100
OPMBNTFB0310,"SAMSUNG GALAXY A7 (A700F) 16GB GOLD (B Grade)","Open Box Mobile Grade B",11300
OPMBNTFB0222,"Samsung Galaxy A7 (A710F) 16GB Gold(B Grade)","Open Box Mobile Grade B",11300
OPMBNTFB0311,"SAMSUNG GALAXY A7 (A710F) 16GB WHITE (B Grade)","Open Box Mobile Grade B",11300
OPMBNTFB0493,"Samsung Galaxy A8 (A800I) 32Gb Black (B Grade)","Open Box Mobile Grade B",14400
OPMBNTFB0650,"Samsung Galaxy A9 Pro (32GB Black) (B Grade)","Open Box Mobile Grade B",13000
OPMBNTFB0495,"Samsung Galaxy A9 Pro (32GB Gold) (B Grade)","Open Box Mobile Grade B",13100
OPMBNTFB0496,"Samsung Galaxy Core 2 SM-G355H (Black) (B Grade)","Open Box Mobile Grade B",6300
OPMBNTFB0497,"Samsung Galaxy Core 2 SM-G355H (White) (B Grade)","Open Box Mobile Grade B",6300
OPMBNTFB0083,"Samsung Galaxy Core Prime (Charcoal Grey) (B Grade)","Open Box Mobile Grade B",3700
OPMBNTFB0052,"Samsung Galaxy Core Prime (Silver) (B Grade)","Open Box Mobile Grade B",3200
OPMBNTFB0089,"Samsung Galaxy Core Prime (WHITE)  (B Grade)","Open Box Mobile Grade B",3200
OPMBNTFB0670,"Samsung Galaxy E5 (16GB, White) (E500H) (B Grade)","Open Box Mobile Grade B",9500
OPMBNTFB0498,"Samsung Galaxy Grand  (I9082 ) WHITE (B Grade)","Open Box Mobile Grade B",4100
OPMBNTFB0499,"Samsung Galaxy Grand 2 (Black) (B Grade)","Open Box Mobile Grade B",5000
OPMBNTFB0694,"SAMSUNG GALAXY GRAND DUOS 8GB BLACK (B Grade)","Open Box Mobile Grade B",5400
OPMBNTFB0500,"Samsung Galaxy Grand Neo Plus WHITE (B Grade)","Open Box Mobile Grade B",3600
OPMBNTFB0574,"Samsung Galaxy J1 Ace (White, 4 GB) (B Grade)","Open Box Mobile Grade B",3400
OPMBNTFB0088,"Samsung Galaxy J2 (J210F) (Gold, 8 GB))B Grade)","Open Box Mobile Grade B",6000
OPMBNTFB0074,"Samsung Galaxy J7 (Gold, 16 GB)(B Grade)","Open Box Mobile Grade B",7200
OPMBNTFB0004,"SAMSUNG Galaxy J7 - 6 (New 2016 Edition) ( Gold ,16GB )","Open Box Mobile Grade B",7250
OPMBNTFB0016,"Samsung Galaxy J7- 6 (New 2016 Edition) (Black, 16 GB)(B Grade)","Open Box Mobile Grade B",7500
OPMBNTFB0695,"Samsung Galaxy Note 3 Neo (Black)(B Grade)","Open Box Mobile Grade B",5400
OPMBNTFB0067,"Samsung Galaxy On8 (Gold, 16 GB)(B Grade)","Open Box Mobile Grade B",7600
OPMBNTFB0511,"Samsung Galaxy S4 16GB  (Black) (I9500)(B Grade)","Open Box Mobile Grade B",5700
OPMBNTFB0512,"Samsung Galaxy S5  (Blue, 16 GB)(B Grade)","Open Box Mobile Grade B",8600
OPMBNTFB0577,"SAMSUNG GALAXY S5 MINI (G800H) 16GB WHITE (B Grade)","Open Box Mobile Grade B",4800
OPMBNTFB0594,"Samsung Galaxy S6 (Gold , 32 GB) (G920I)  (B Grade)","Open Box Mobile Grade B",18900
OPMBNTFB0578,"Samsung Galaxy S6 Edge Plus (Gold Platinum, 32 GB)(B Grade)","Open Box Mobile Grade B",20700
OPMBNTFB0738,"Samsung Galaxy S8 (G950F) (Midnight Black, 64GB)","Open Box Mobile Grade B",33800
OPMBNTFB0704,"Samsung Galaxy S8 Plus (Maple Gold, 64 GB) (B Grade)","Open Box Mobile Grade B",41900
OPMBNTFB0596,"Sony Xperia E1 D2 105 White (B Grade)","Open Box Mobile Grade B",3100
OPMBNTFB0177,"Swipe Elite Plus (White 16 GB) (B Grade)","Open Box Mobile Grade B",3600
OPMBNTFB0228,"TCL Pride T500L (16GB) (B Grade)","Open Box Mobile Grade B",4500
OPMBNTFB0649,"XIAOMI MI 5 4G 3GB 32GB BLACK(B Grade)","Open Box Mobile Grade B",11300
OPMBNTFB0763,"XIAOMI MI 5 4G 3GB 32GB Rose Gold(B Grade)","Open Box Mobile Grade B",11500
OPMBNTFB0327,"XOLO A500S (BLACK) (B Grade)","Open Box Mobile Grade B",2700
OPMBNTFB0142,"XOLO HIVE (BLACK) (B Grade)","Open Box Mobile Grade B",5625
OPMBNTFB0050,"Yu Yureka Note (Black, 16 GB) (3 GB RAM)(B Grade)","Open Box Mobile Grade B",5670
OPMBNTFB0268,"Yuphoria YU5010A (Black Silver)(B Grade)","Open Box Mobile Grade B",3900
OPMBNTFB0583,"Yuphoria YU5010A (White Champa) (B Grade)","Open Box Mobile Grade B",4300
NEWTAB00025," Dell Venue 8 (Black, 32 GB)","Brand New Tablets",8000
NEWTAB00040,"Apple 10.5-INCH IPAD PRO WI-FI + CELLULAR 256GB - SILVER (MPHH2HN/A)","Brand New Tablets",69200
NEWTAB00044,"Apple 10.5-INCH IPAD PRO WI-FI + CELLULAR 512GB - GOLD (MPMG2HN/A)","Brand New Tablets",83400
NEWTAB00054,"Apple 10.5-INCH IPAD PRO WI-FI + CELLULAR 64GB - ROSE GOLD (MQF22HN/A)","Brand New Tablets",57350
NEWTAB00037,"Apple 10.5-INCH IPAD PRO WI-FI 256GB - GOLD (MPF12HN/A)","Brand New Tablets",57000
NEWTAB00036,"Apple 10.5-INCH IPAD PRO WI-FI 256GB - SILVER (MPF02HN/A)","Brand New Tablets",57000
NEWTAB00039,"Apple 10.5-INCH IPAD PRO WI-FI 512GB - GOLD (MPGK2HN/A)","Brand New Tablets",75200
NEWTAB00038,"Apple 10.5-INCH IPAD PRO WI-FI 512GB - SPACE GREY (MPGH2HN/A)","Brand New Tablets",75200
NEWTAB00049,"Apple 10.5-INCH IPAD PRO WI-FI 64GB - GOLD (MQDX2HN/A)","Brand New Tablets",46500
NEWTAB00051,"Apple 12.9-INCH IPAD PRO WI-FI + CELLULAR 64GB - GOLD (MQEF2HN/A)","Brand New Tablets",69700
NEWTAB00043,"Apple 12.9-INCH IPAD PRO WI-FI 512GB - SILVER (MPL02HN/A)","Brand New Tablets",87050
NEWTAB00055,"APPLE IPAD PRO 9.7 INCH WIFI 32GB GOLD (MLMQ2HN/A)","Brand New Tablets",46000
NEWTAB00056,"APPLE IPAD PRO 9.7 INCH WIFI 32GB SILVER (MLMP2HN/A)","Brand New Tablets",46950
NEWTAB00058,"APPLE IPAD PRO 9.7 INCH WIFI CELLULAR 32GB SILVER (MLPX2HN/A)","Brand New Tablets",58250
NEWTAB00057,"APPLE IPAD PRO 9.7"" WIFI CELLULAR 32GB ROSEGOLD (MLYJ2HN/A)","Brand New Tablets",57074
NEWTAB00059,"APPLE IPAD PRO 9.7"" WIFI CELLULAR 32GB SPACE GRAY (MLPW2HN/A)","Brand New Tablets",57074
NEWNBK00026,"Lenovo A10-59388639 10.1-Inch Tablet (1.6Ghz Cortex A9/1GB/16GB/Intel HD Graphics/Android 4.2/10.1"")","Brand New Tablets",9000
NEWTAB00027,"SAMSUNG GALAXY TAB 3V (SM-T116NY) 1GB 8GB EBONY BLACK","Brand New Tablets",9508
OPMBNTF0467," Moto Turbo (Black, 64 GB)","Open Box Mobiles",7500
OPMBNTF0143,"Acer Z630S (Black& Gold, 32GB )","Open Box Mobiles",5500
OPMBNTF0331,"Alcatel Idol 4 (Gold, 16 GB)  (3 GB RAM)","Open Box Mobiles",9999
OPMBNTF0006,"Apple iPhone 5s ( Silver, 16GB )","Open Box Mobiles",10250
OPMBNTF0560,"Apple iPhone 6 Plus (Space Grey, 16 GB)","Open Box Mobiles",25260
OPMBNTF0714,"Apple iPhone 6S (Silver, 64 GB)","Open Box Mobiles",48000
OPMBNTF0232,"Apple iPhone 6S Plus (Silver, 16 GB)","Open Box Mobiles",28000
OPMBNTF0712,"Apple iPhone SE (Gold, 64GB)","Open Box Mobiles",29000
OPMBNTF0711,"Apple iPhone SE (Rose Gold, 16GB)","Open Box Mobiles",14800
OPMBNTF0611,"ASUS ZENFONE 2 LASER 16GB GOLD","Open Box Mobiles",5700
OPMBNTF0628,"Asus Zenfone 2 Laser 3G(16B, Black)","Open Box Mobiles",8800
OPMBNTF0087,"Asus Zenfone 2 Laser ZE550ML (Black, 16 GB)","Open Box Mobiles",5950
OPMBNTF0619,"Asus Zenfone 2 ZE551ML (Silver, 16 GB)","Open Box Mobiles",7500
OPMBNTF0162,"Asus Zenfone 2 ZE551ML4 GB (Silver, 32GB) ","Open Box Mobiles",8400
OPMBNTF0606,"Asus Zenfone 3 (Black, 64 GB)  (4 GB RAM)","Open Box Mobiles",14739
OPMBNTF0349,"Asus Zenfone 5 A501G 2GB (8GB,Red)	","Open Box Mobiles",6100
OPMBNTF0561,"Asus Zenfone Max ZC550Kl 2GB (16GB, Black)","Open Box Mobiles",6900
OPMBNTF0626,"Asus Zenfone Selfie 2G (16GB, Silver)","Open Box Mobiles",6700
OPMBNTF0623,"Asus Zenfone Selfie 3G (16GB, Pol Purple)","Open Box Mobiles",7400
OPMBNTF0627,"Asus Zenfone Selfie 3G(32GB, Gold)","Open Box Mobiles",10600
OPMBNTF0204,"Blackberry Passport  (Black, 32 GB)","Open Box Mobiles",14100
OPMBNTF0277,"Coolpad Note 3 lite (Gold)","Open Box Mobiles",8400
OPMBNTF0144,"Coolpad Note 3 Plus (Champagne-White)","Open Box Mobiles",9184
OPMBNTF0642,"Coolpad Note 3S (GOLD, 32GB)","Open Box Mobiles",7999
OPMBNTF0354,"Coolpad Note 3S 3GB(32GB, White)","Open Box Mobiles",8000
OPMBNTF0206,"Honor 4C (WHITE, 8 GB) ","Open Box Mobiles",4675
OPMBNTF0640,"Honor 5c (Gold )","Open Box Mobiles",6300
OPMBNTF0635,"Honor 5C (Grey )","Open Box Mobiles",5300
OPMBNTF0279,"Honor 5c (Silver)","Open Box Mobiles",5300
OPMBNTF0367,"Honor 6 (Black, 16 GB)","Open Box Mobiles",8750
OPMBNTF0236,"Honor 6X BLN-L22 3GB  (32GB Gold)	","Open Box Mobiles",12600
OPMBNTF0184,"Honor 6X BLN-L22 3GB  32GB Silver","Open Box Mobiles",12600
OPMBNTF0185,"Honor 6X BLN-L22 4GB  (64GB Gold)","Open Box Mobiles",12600
OPMBNTF0368,"Honor 6X BLN-L22 4GB  (64GB Silver)","Open Box Mobiles",12600
OPMBNTF0636,"Honor 8 (PEARL WHITE 32GB)","Open Box Mobiles",12900
OPMBNTF0682,"Honor Holly 3 2GB (16GB,Black)","Open Box Mobiles",5600
OPMBNTF0237,"Honor Holy 2 Plus TIT-AL00 2GB  (16GB Grey)	","Open Box Mobiles",6500
OPMBNTF0238,"Honor Holy HOLU19 (Black, 16 GB)","Open Box Mobiles",2800
OPMBNTF0137,"Honor Holy HOLU19 (Black, 16 GB)","Open Box Mobiles",2800
OPMBNTF0123,"Honor Y541-U02 1GB  (8GB Black)","Open Box Mobiles",2500
OPMBNTF0034,"HTC Desire 10 Lifestyle  (Polor White 32GB)","Open Box Mobiles",6500
OPMBNTF0051,"HTC Desire 10 Lifestyle (Stone Black, 32 GB)","Open Box Mobiles",6500
OPMBNTF0240,"HTC Desire 628 (SUNSET BLUE, 32 GB)  (3 GB RAM)","Open Box Mobiles",7000
OPMBNTF0371,"HTC Desire 816G Dual Sim 1GB (8GB, Blue)	","Open Box Mobiles",8000
OPMBNTF0207,"HTC Desire 828 2GB  16GB Dark Grey","Open Box Mobiles",8000
OPMBNTF0149,"HTC One M8 EYE 2GB  16GB Rose Gold","Open Box Mobiles",25999
OPMBNTF0375,"Huawei Ascend G730 1GB (4GB,White)	","Open Box Mobiles",10000
OPMBNTF0392,"I-Smart Is-102 Coffee Black","Open Box Mobiles",700
OPMBNTF0382,"Infocus 415 1GB (8GB, Black)	","Open Box Mobiles",3500
OPMBNTF0209,"InFocus M260 (Black/ Orange 8 GB)","Open Box Mobiles",2400
OPMBNTF0241,"Infocus M260 1GB  (8GB White/Black)","Open Box Mobiles",2678
OPMBNTF0383,"Infocus M415 1GB (8GB, Black)","Open Box Mobiles",3500
OPMBNTF0589,"InFocus M535 (Gold, 16 GB)  (3 GB RAM)","Open Box Mobiles",6300
OPMBNTF0210,"Infocus M812i (Silver, 16 GB)","Open Box Mobiles",9999
OPMBNTF0390,"Intex Aqua Ring (Black, 8 GB)  (1 GB RAM)","Open Box Mobiles",3700
OPMBNTF0389,"Intex Eco 205 (Black,Red)","Open Box Mobiles",800
OPMBNTF0720,"Karbonn A27+ DUAL SIM (4GB WHITE )","Open Box Mobiles",7400
OPMBNTF0285,"Karbonn A52 Plus (4GB, White+Silver)","Open Box Mobiles",2050
OPMBNTF0244,"KARBONN SMART A11 (BLACK)","Open Box Mobiles",2500
OPMBNTF0211,"Karbonn Smart A11 Star (White)","Open Box Mobiles",2499
OPMBNTF0590,"Karbonn Smart A12 (White +Gold)","Open Box Mobiles",2700
OPMBNTF0118,"Karbonn Smart A12 Star (Black & Silver)","Open Box Mobiles",2400
OPMBNTF0407,"KARBONN SMART TITANIUM MACH TWO (1GB  8GB, BLACK & BLUE)	","Open Box Mobiles",5000
OPMBNTF0408,"Karbonn Sparkle V 1GB (4GB, Magnum Blue)	","Open Box Mobiles",2685
OPMBNTF0409,"Karbonn Titanium Moghul (Champagne, 8 GB) (1 GB RAM)	","Open Box Mobiles",5150
OPMBNTF0289,"Kenxindia K69 Black","Open Box Mobiles",927
OPMBNTF0414,"Kimfly A29 Black","Open Box Mobiles",2000
OPMBNTF0413,"Kimfly K16 Blue","Open Box Mobiles",2000
OPMBNTF0415,"Kimfly Z24 Black","Open Box Mobiles",2000
OPMBNTF0293,"Lava Arc Grace (Black)","Open Box Mobiles",1200
OPMBNTF0246,"Lava Flair P1 (Black)","Open Box Mobiles",2000
OPMBNTF0212,"Lava Iris Fuel 60 (Black)","Open Box Mobiles",5100
OPMBNTF0591,"Lava Iris Selfie 50 1GB (8GB,Black)","Open Box Mobiles",4500
OPMBNTF0188,"Lava Iris Win1 (Black)","Open Box Mobiles",2250
OPMBNTF0422,"Lava Iris X1 Atom (Black & Gold, 8 GB)  ","Open Box Mobiles",2350
OPMBNTF0423,"Lava Iris X1 Atom (Black & Silver, 8 GB)  ","Open Box Mobiles",3500
OPMBNTF0563,"Lava Iris X1 Atom (White & Silver)","Open Box Mobiles",2500
OPMBNTF0424,"Lava Iris X1 Atom S (8GB, Black)","Open Box Mobiles",2700
OPMBNTF0290,"Lava Iris X1 Grand (White & Silver)","Open Box Mobiles",3999
OPMBNTF0425,"Lava Iris X1 Grand 1GB (8GB,White)","Open Box Mobiles",4500
OPMBNTF0213,"Lava Iris X5 1GB  (8GB Black)","Open Box Mobiles",5000
OPMBNTF0103,"Lava Iris X8 (Black, 16 GB)","Open Box Mobiles",3450
OPMBNTF0150,"Lava Iris X8 (White, 16 GB)","Open Box Mobiles",3999
OPMBNTF0426,"Lava KKT Prime Black","Open Box Mobiles",1600
OPMBNTF0291,"Lava Magnum X604 (Brown, 8 GB)","Open Box Mobiles",4700
OPMBNTF0292,"Lava Magnum X604 (White, 8 GB)","Open Box Mobiles",4000
OPMBNTF0138,"LeEco Le 1S X507 (Gold, 32 GB)","Open Box Mobiles",8200
OPMBNTF0042,"Lenovo K3 Note  (Black, 16 GB)","Open Box Mobiles",5200
OPMBNTF0119,"Lenovo K3 Note (White, 16 GB)","Open Box Mobiles",5200
OPMBNTF0166,"Lenovo K3 Note (Yellow, 16 GB)","Open Box Mobiles",5200
OPMBNTF0551,"Lenovo K6 Power (Gold , 32 GB)  (3 GB RAM)","Open Box Mobiles",6250
OPMBNTF0553,"Lenovo K6 Power (Grey / Dark Grey, 32 GB)  (4 GB RAM)","Open Box Mobiles",6750
OPMBNTF0552,"Lenovo K6 Power (Silver , 32 GB)  (3 GB RAM)","Open Box Mobiles",6250
OPMBNTF0055,"Lenovo K6 Power (Silver, 32 GB)  (4 GB RAM)","Open Box Mobiles",6750
OPMBNTF0248,"Lenovo Vibe K5 Plus  ( DarkGrey, 16 GB)","Open Box Mobiles",5800
OPMBNTF0296,"Lenovo Vibe K5 Plus  (Gold 16 GB)","Open Box Mobiles",5800
OPMBNTF0044,"Lenovo Z2 Plus PA500016IN (Black 32 GB) (Open box) ","Open Box Mobiles",8500
OPMBNTF0152,"LETV LE 1S (X507) 3GB  (32GB SILVER)","Open Box Mobiles",8200
OPMBNTF0440,"LETV LE 2 (X526) 3GB ,32GB (GOLD)","Open Box Mobiles",7499
OPMBNTF0442,"LYF WATER 7 (2GB, 16GB SILVER)	","Open Box Mobiles",6000
OPMBNTF0139,"Micromax Bolt Q381 1GB  (8GB Black)","Open Box Mobiles",3000
OPMBNTF0447,"Micromax Canvas Doodle 4 (White, 8 GB) (1 GB RAM)","Open Box Mobiles",6500
OPMBNTF0168,"Micromax Canvas Juice 4G Q461 (Grey, 8GB)","Open Box Mobiles",3900
OPMBNTF0302,"Micromax Canvas Knight E471 2GB  (16GB WHITE/SILVER)	","Open Box Mobiles",5600
OPMBNTF0086,"Micromax Canvas Mega 4G  (Blue 16GB)","Open Box Mobiles",5000
OPMBNTF0449,"Micromax Canvas Pep (Blue)","Open Box Mobiles",2550
OPMBNTF0304,"MICROMAX CANVAS XPRESS 2  (Black 8GB)","Open Box Mobiles",4340
OPMBNTF0031,"Micromax CG666 (White-Grey)","Open Box Mobiles",700
OPMBNTF0458,"Microsoft Lumia 540 (Orange , 8 GB)","Open Box Mobiles",4900
OPMBNTF0459,"Microsoft Lumia 550 1GB(8GB, Black)","Open Box Mobiles",4500
OPMBNTF0460,"Microsoft Lumia 640 Dual Sim 1GB(8GB,Black)","Open Box Mobiles",6000
OPMBNTF0461,"Microsoft Lumia 650 1GB (16GB, Black)	","Open Box Mobiles",9400
OPMBNTF0599,"Moto C Plus ( STARRY BLACK, 16 GB) ","Open Box Mobiles",5250
OPMBNTF0646,"Moto C Plus (Pearl White, 16 GB) ","Open Box Mobiles",5250
OPMBNTF0120,"MOTO E ( 2nd GEN ) XT1506 (Black, 8GB)","Open Box Mobiles",2639
OPMBNTF0082,"MOTO E (2nd GEN) XT1506 (White, 8GB)","Open Box Mobiles",3472
OPMBNTF0648,"Moto E4 Plus (IRON GRAY, 32 GB)","Open Box Mobiles",7900
OPMBNTF0028,"Moto G 4th Gen (Black, 32GB) ","Open Box Mobiles",6500
OPMBNTF0038,"Moto G 4th Gen (White, 16GB)","Open Box Mobiles",5800
OPMBNTF0029,"Moto G 4th Gen (White, 32GB)","Open Box Mobiles",6500
OPMBNTF0021,"Moto G Plus, 4th Gen (Black, 16 GB) ","Open Box Mobiles",7000
OPMBNTF0017,"Moto G Plus, 4th Gen (Black, 32 GB)","Open Box Mobiles",8500
OPMBNTF0023,"Moto G Plus, 4th Gen (White, 32 GB) ","Open Box Mobiles",7500
OPMBNTF0605,"Moto G Turbo Edition (Black, 16 GB)","Open Box Mobiles",5600
OPMBNTF0093,"Moto G Turbo Edition (White, 16 GB)","Open Box Mobiles",5600
OPMBNTF0465,"Moto G4 Play (Black, 16GB)","Open Box Mobiles",5300
OPMBNTF0020,"Moto G5 (16 GB, Fine Gold )","Open Box Mobiles",5750
OPMBNTF0019,"Moto G5 (16 GB, Lunar Grey)","Open Box Mobiles",6250
OPMBNTF0018,"Moto G5 Plus (Lunar Grey, 32 GB)","Open Box Mobiles",8400
OPMBNTF0603,"Moto M (Gold, 64 GB)","Open Box Mobiles",8900
OPMBNTF0099,"Moto M (Grey, 32 GB)","Open Box Mobiles",7900
OPMBNTF0587,"Moto M (Grey, 64 GB)","Open Box Mobiles",11152
OPMBNTF0632,"Moto M (Grey, 64 GB)","Open Box Mobiles",11152
OPMBNTF0469,"Moto X Play (White, 32 GB)","Open Box Mobiles",8000
OPMBNTF0643,"Moto X Style XT1572 (16GB White)","Open Box Mobiles",7500
OPMBNTF0251,"MOTOROLA E (XT1521) (2ND GEN) 8GB BLACK","Open Box Mobiles",4500
OPMBNTF0215,"Motorola Moto E (2nd Gen) 4G XT1521 8 GB White","Open Box Mobiles",6720
OPMBNTF0600,"Motorola X (2nd Generation) XT1092 32GB Black","Open Box Mobiles",7000
OPMBNTF0048,"Nextbit Robin (Midnight, 32 GB)","Open Box Mobiles",7000
OPMBNTF0153,"Nokia Lumia 520 (Black 8GB)","Open Box Mobiles",9256
OPMBNTF0475,"Nokia X2 Duos 1GB (4GB, White)","Open Box Mobiles",6700
OPMBNTF0309,"NOKIA XL DULA SIM 4GB BRIGHT ORANGE","Open Box Mobiles",8000
OPMBNTF0476,"Nubia Z9 Mini (Black, 16GB)","Open Box Mobiles",10203
OPMBNTF0220,"Oppo A37 2GB  (Gold 16 GB)","Open Box Mobiles",8220
OPMBNTF0254,"OPPO A57 (Black, 32 GB)  (3 GB RAM)","Open Box Mobiles",12330
OPMBNTF0255,"OPPO A57 (Gold, 32 GB)  (3 GB RAM)","Open Box Mobiles",11999
OPMBNTF0043,"OPPO F3 CPH1609 (Gold 64 GB)","Open Box Mobiles",12593
OPMBNTF0170,"OPPO F3 Plus 4GB (Black 64 GB)","Open Box Mobiles",22250
OPMBNTF0193,"Oppo F3 Plus 4GB  (64GB Gold)","Open Box Mobiles",22250
OPMBNTF0140,"Panasonic Eluga Arc 2 3GB  (32GB Rose Gold)","Open Box Mobiles",7650
OPMBNTF0256,"Panasonic Eluga Turbo (Chamagane Gold) 32GB","Open Box Mobiles",5750
OPMBNTF0481,"Panasonic P55 Novo 1GB (8GB,Gold)","Open Box Mobiles",4788
OPMBNTF0725,"Redmi 4 (Black, 64 GB)  (4 GB RAM)","Open Box Mobiles",8900
OPMBNTF0726,"Redmi 4 (Gold, 64 GB)  (4 GB RAM)","Open Box Mobiles",8900
OPMBNTF0485,"Rocktel W21  (Blue)","Open Box Mobiles",530
OPMBNTF0257,"SAMSUNG GALAXY A5 (A500G)  WHITE","Open Box Mobiles",8999
OPMBNTF0310,"SAMSUNG GALAXY A7 (A700F) 16GB GOLD","Open Box Mobiles",12500
OPMBNTF0260,"SAMSUNG GALAXY A7 (A710F) 16GB BLACK","Open Box Mobiles",12500
OPMBNTF0311,"SAMSUNG GALAXY A7 (A710F) 16GB WHITE","Open Box Mobiles",12500
OPMBNTF0083,"Samsung Galaxy Core Prime (Charcoal Grey)","Open Box Mobiles",4000
OPMBNTF0052,"Samsung Galaxy Core Prime (Silver)","Open Box Mobiles",3500
OPMBNTF0500,"Samsung Galaxy Grand Neo Plus WHITE","Open Box Mobiles",4000
OPMBNTF0121,"Samsung Galaxy J5  j500F (White, 8GB)","Open Box Mobiles",6500
OPMBNTF0172,"Samsung Galaxy J5 (J500F) (Black, 8 GB)","Open Box Mobiles",6250
OPMBNTF0074,"Samsung Galaxy J7 (Gold, 16 GB)","Open Box Mobiles",7800
OPMBNTF0313,"Samsung Galaxy J7 (White, 16 GB)","Open Box Mobiles",7800
OPMBNTF0710,"SAMSUNG GALAXY J7 NXT 16GB GOLD","Open Box Mobiles",8700
OPMBNTF0130,"Samsung Galaxy J7 Prime (G610F) 16GB Black","Open Box Mobiles",9990
OPMBNTF0060,"Samsung Galaxy J7- (J710F) (New 2016 Edition) (White, 16 GB)","Open Box Mobiles",8500
OPMBNTF0016,"Samsung Galaxy J7- 6 (New 2016 Edition) (Black, 16 GB)","Open Box Mobiles",8250
OPMBNTF0131,"Samsung Galaxy On 8 16GB Black","Open Box Mobiles",7700
OPMBNTF0067,"Samsung Galaxy On8 (Gold, 16 GB) ","Open Box Mobiles",7700
OPMBNTF0507,"Samsung Galaxy S Duos 2 (S7582) White","Open Box Mobiles",5800
OPMBNTF0511,"Samsung Galaxy S4 16GB  (Black) (I9500)","Open Box Mobiles",6300
OPMBNTF0315,"Samsung Galaxy S4 16GB  (White ) (I9500)","Open Box Mobiles",6300
OPMBNTF0512,"Samsung Galaxy S5  (Blue, 16 GB)","Open Box Mobiles",9500
OPMBNTF0668,"Samsung Galaxy S5 G900H (Copper Gold, 16 GB)","Open Box Mobiles",12500
OPMBNTF0263,"Samsung Galaxy S5 Shimmery white","Open Box Mobiles",5500
OPMBNTF0264,"Samsung Galaxy S6 (Black, 32 GB) ","Open Box Mobiles",18000
OPMBNTF0653,"SAMSUNG GALAXY S7 (G930F) 32GB","Open Box Mobiles",22000
OPMBNTF0316,"SAMSUNG GALAXY S7 (G930F) 32GB SILVER","Open Box Mobiles",22000
OPMBNTF0656,"Samsung Galaxy S8  (Maple Gold, 64 GB)","Open Box Mobiles",40750
OPMBNTF0657,"Samsung Galaxy S8  (Midnight Black, 64 GB)","Open Box Mobiles",37500
OPMBNTF0684,"Samsung Galaxy S8 Plus (Midnight Black, 128 GB)","Open Box Mobiles",51000
OPMBNTF0700,"Samsung Galaxy S8 Plus (Midnight Black, 64 GB)","Open Box Mobiles",44000
OPMBNTF0719,"Samsung Galaxy Star Pro (4GB MIDNIGHT BLACK)","Open Box Mobiles",2700
OPMBNTF0515,"SAMSUNG GALAXY TAB 3V (T116N) 8GB WHITE","Open Box Mobiles",6000
OPMBNTF0654,"SAMSUNG GRAND PRIME (G530H) 8G","Open Box Mobiles",5300
OPMBNTF0321,"SAMSUNG Z3 (Z300H) 8GB BLACK","Open Box Mobiles",6500
OPMBNTF0176,"Sony Xperia E1 (Purple)","Open Box Mobiles",7279
OPMBNTF0595,"Sony Xperia E1 Dual (Black)","Open Box Mobiles",5400
OPMBNTF0324,"Sony Xperia M C1904 (Black, 4 GB)  (1 GB RAM)","Open Box Mobiles",6700
OPMBNTF0199,"Sony Xperia Tipo ST21i Classic Black","Open Box Mobiles",2775
OPMBNTF0226,"SPICE ANDROID ONE 1GB  (4GB BLACK)","Open Box Mobiles",4826
OPMBNTF0177,"Swipe Elite Plus (White 16 GB) ","Open Box Mobiles",4000
OPMBNTF0649,"XIAOMI MI 5 4G 3GB 32GB BLACK","Open Box Mobiles",12499
OPMBNTF0763,"XIAOMI MI 5 4G 3GB 32GB Rose Gold","Open Box Mobiles",12500
OPMBNTF0584,"XIAOMI MI 5 4G 3GB 32GB WHITE","Open Box Mobiles",12500
OPMBNTF0142,"XOLO HIVE (BLACK) ","Open Box Mobiles",6250
OPMBNTF0535,"ZIOX ZX18 SILVER","Open Box Mobiles",700
QCNBB000660,"ACER (ATOM N2600 1.6GHZ/1GB/320GB/10.0"") LUSGA0801223614F7D7614","Pre-Owned Laptops",4900
QCNBB001317,"ACER Aspire 5742G (Core I3 M380 2.53GHz/3GB/500GB 15.6"") LXRB901011102008A21601","Pre-Owned Laptops",12500
QCNBB000809,"ACER ASPIRE 5742G (CORE I5-430M,2.27GHZ/3GB/500GB 15.6"")LXR53021020387EFD51601","Pre-Owned Laptops",12700
QCNBB001309,"ACER Aspire E1-571 (Core I3 2348M 2.30GHz/4GB/500GB 15.6"") NXM09SI030323071F13400","Pre-Owned Laptops",12500
QCNBB001195,"Acer E1-571 (Core I3 2348M 2.30GHz/2GB/500GB 15.6"") NXM09SI031306252CC1601","Pre-Owned Laptops",11500
QCNBB001254,"ACER Travelmate 4750 (Core I3 2330M 2.20GHz/2GB/320GB 14"") LXV42010141380E2BC2000","Pre-Owned Laptops",11800
QCNBB000205,"Acer-Aspire 4738G(Core I5 M460 2.53GHz/4GB/320GB) LXR5W02006034213842500","Pre-Owned Laptops",12700
QCNBB000434,"Acer-Aspire 5745(Core I5 2.27GHz/2GB/320GB) LXPTW0100503000B4B2500","Pre-Owned Laptops",12500
QCNBB001514,"Asus-X201E(Core I3 3217U 1.80GHz/4GB/500GB 11.1"")DBN0CX49778146A","Pre-Owned Laptops",11500
QCNBB000328,"DELL -N4010(Core I5 M480 2.67GHz/3GB/500GB 14.0""Inch) 7MYKXP1","Pre-Owned Laptops",13700
QCNBB001268,"Dell Insp 3420 (Core I3 2370M 2.40GHz/4GB/500GB 14"") 2337WS1","Pre-Owned Laptops",12500
QCNBB001261,"Dell Insp 3520 (Core I3 2320M 2.20GHz/2GB/500GB 15.6"") HCY6MV1","Pre-Owned Laptops",12000
QCNBB001122,"DELL Insp 5420 (Core I5 3210M 2.50GHz/4GB/500GB 14.1"") CJCJVS1","Pre-Owned Laptops",13700
QCNBB000525,"Dell INSP N 4010(CORE I5-M450 / 2.40GHZ / 2GB / 320GB/ 14'')69NW5BS","Pre-Owned Laptops",13400
QCNBB001336,"Dell Insp N4010 (Core I3 370M 2.40GHz/4GB/500GB 14"") 9PHZ7BS","Pre-Owned Laptops",12500
QCNBB001245,"Dell Insp N4010 (Core I3 M380 2.53GHz/4GB/500GB 14"") JN42CQ1","Pre-Owned Laptops",12500
QCNBB001276,"Dell Insp N4050 (Core I3 2330M 2.20GHz/2GB/320GB 14"") D8R6PP1","Pre-Owned Laptops",11800
QCNBB001295,"Dell Insp N5010 (Core I3 M330 2.13GHz/4GB/500GB 15.6"") 3PTT5BS","Pre-Owned Laptops",12500
QCNBB000225,"DELL Insp N5010 (Core I3 M350 2.27GHz/3GB/320GB 15.6"") 45FTQR1","Pre-Owned Laptops",12000
QCNBB001246,"Dell Insp N5010 (Core I3 M350 2.27GHz/3GB/500GB 15.6"") BB7Q5BS","Pre-Owned Laptops",12500
QCNBB001314,"Dell Insp N5010 (Core I3 M380 2.53GHz/3GB/500GB 15.6"") DRKV7BS","Pre-Owned Laptops",12500
QCNBB001275,"Dell Insp N5010 (Core I3 M380 2.53GHz/4GB/500GB 15.6"") 67WVTQ1","Pre-Owned Laptops",12500
QCNBB001247,"Dell INSPIRON N5010 (Core I3 M370 2.40GHz/4GB/500GB 15.6"") 63XL1N1","Pre-Owned Laptops",12500
QCNBB000817,"DELL INSPRION 4110 (CORE I5 2410M 2.30GHZ/4GB/640GB 14"")FWX1WQ1","Pre-Owned Laptops",13200
QCNBB001393,"DELL LATITUDE E6320 (CORE I5-2520M 2.50GHZ/4GB/320GB 14"") FCF2QV1","Pre-Owned Laptops",14000
QCNBB000587,"Dell studio 1458(CORE I5 m430 2.27GHz/4GB/320GB/14"")34M85BS","Pre-Owned Laptops",13800
QCNBB000949,"Dell Studio 1558 (Core I3 M350 2.27GHz/4GB/320GB 15.6"") 6ZR1CN1","Pre-Owned Laptops",12000
QCNBB000577,"Dell xps l502X(core i7 2630Qm 2.00GHz/4GB/500GB/15.4"")CR9H6Q1","Pre-Owned Laptops",16700
REFDE00281,"Dell-INSP 3543(Celeron 3205U 1.50GHz/4GB/500GB 15.6"") GZN1832","Pre-Owned Laptops",14289
REFDE00111,"Dell-INSP 5559(Core I7 6500U 2.50GHz/4GB/1TB 15.6"")9XHYL72","Pre-Owned Laptops",38273
QCNBB001652,"Dell-Insp N4010 (Core I3 M370 2.40GHz/1GB/320GB 15.6"")-BRBP6BS","Pre-Owned Laptops",11000
QCNBB001519,"Dell-Insp N5050(Core I3 2350M CPU 2.30GHz/4GB/500GB 15.6"")JY41RR1	","Pre-Owned Laptops",12000
QCNBB000325,"Dell-INSP N5110(Core I5 2.50GHz/4GB/500GB)7F3VNR1","Pre-Owned Laptops",15500
QCNBB001510,"Dell-Inspiron 5420(Core I5 3210M 2.50GHz/4GB/500GB 14.0"")FLWXVS1","Pre-Owned Laptops",15500
REFDE00105,"Dell-INSPIRON 5559(Core I3 6100U 2.30GHz/4GB/1TB 15.6"") J8ZHMC2","Pre-Owned Laptops",23134
QCNBB000329,"Dell-INSPIRON N4110(CORE I5-2430M 2.40GHZ/4GB RAM/500GB HDD)3D63ZR1","Pre-Owned Laptops",15000
QCNBB000426,"Dell-LATITUBE E6510(CORE I7 Q70  1.60GHZ/4GB RAM/320GB HDD) 9f0l6q1","Pre-Owned Laptops",15700
QCNBB000235,"Dell-Latitude E4310(core i5 M520 2.40GHz/4GB/250GB 14.0"" LED) 1SFN62S","Pre-Owned Laptops",14200
QCNBB000314,"Dell-Latitude E6410(Core I5 M520 2.40GHz/4GB/250GB 14.0"") GR4VV5BS","Pre-Owned Laptops",13200
QCPNBK00245,"Dell-Latitude E6410(Core I7 M620 2.67GHz/2GB/500GB 14.0"")4ZBD6BS","Pre-Owned Laptops",16500
QCNBB001605,"Dell-XPS L501X(Core I3 /3GB/320GB 15.6"") F8P7TN1	","Pre-Owned Laptops",12000
QCNBB001607,"HCL-ME-ICON L74(Core I3 M370 2.40GHz/3GB/640GB 14.0"") A101AE330135","Pre-Owned Laptops",12000
QCNBB000337,"HP 431(core I5 2.30GHz/2GB/320GB) 4CZ114114K","Pre-Owned Laptops",13500
QCNBB000504,"HP Dubt-3000(Core I5 M340 2.27GHZ/4GB/500GB 15.6"")CNF024FJHY","Pre-Owned Laptops",14500
QCNBB000336,"HP Elite Book 8440p(CORE I5 2.40GHZ/4GB/250GB) CND130C62S","Pre-Owned Laptops",13500
QCNBB000213,"HP Elite Book 8440p(Core I5 M520 2.40GHz/4GB/320GB 14"") SGH108QMCO","Pre-Owned Laptops",13500
QCNBB001334,"HP G42 (Core I3 M370 2.40GHz/2GB/320GB 14"") CNF03259JG","Pre-Owned Laptops",11800
QCNBB001284,"HP G42 (Core I3 M370 2.40GHz/2GB/500GB 14"") CNF03259VJ","Pre-Owned Laptops",12000
QCNBB001318,"HP G42 (Core I3 M370 2.40GHz/3GB/320GB 14"") CNF048C26B","Pre-Owned Laptops",12000
QCNBB001248,"HP G42 (Core I3 M370 2.40GHz/3GB/320GB 14.0"") CNF0406V61","Pre-Owned Laptops",12000
QCNBB001324,"HP G42 (Core I3 M370 2.40GHz/3GB/500GB 14"") CNF1062H4Q","Pre-Owned Laptops",12500
QCNBB001308,"HP G42 (Core I3 M370 2.40GHz/4GB/500GB 14"") CNF1140CQH","Pre-Owned Laptops",12500
QCNBB001260,"HP G42-356TU (Core I3 M370 2.40GHz/2GB/500GB 14"") CNF0406KVX","Pre-Owned Laptops",12000
QCNBB001251,"HP G62 (Core I3 M370 2.4GHz/1GB/320GB 15.6"") CNF0393GXS","Pre-Owned Laptops",11500
QCNBB000049,"HP Pavilion G Series(Core I5 2410M 4GB/500GB 15.6"") 5CD12904XZ","Pre-Owned Laptops",14500
QCNBB001139,"HP Pavilion G4 Notebook pc (Core I3 2330M 2.20GHz/2GB/500GB 15.6"") 5CD1200R4W","Pre-Owned Laptops",11800
QCNBB001249,"HP Pavilion G6 (Core I3 2350M 2.30GHz/4GB/500GB15.6"") 5CD2132Z1Z","Pre-Owned Laptops",12500
QCNBB000603,"HP Pavilion G6(Core I5-2430M 2.40GHz/2GB/500GB/15.6"")5CG1410KW3","Pre-Owned Laptops",14000
QCNBB001269,"HP Probook 4320s (Core I3 370M 2.40GHz/2GB/320GB 14"") CNF0331GSK","Pre-Owned Laptops",11800
QCNBB001293,"HP Probook 4420S (Core I3 M370 2.40GHz/3GB/320GB 14"") CNF0378PR5","Pre-Owned Laptops",12000
QCNBB001259,"HP Probook 4420S (Core I3 M380 2.53GHz/2GB/320GB 14"") CNF1096QY8","Pre-Owned Laptops",11800
QCNBB001641,"HP-430 (Core I3 2310M 2.10GHz/2GB/160GB 14"")-5CB1480FF9","Pre-Owned Laptops",11000
QCNBB001526,"HP-G42-4571U(Core I3 M370 2.40GHz/3GB/320GB 14"")CNF0490DBH	","Pre-Owned Laptops",11000
QCNBB001651,"HP-G42-488TU (Core I3 M370GHz/2GB/500GB 14"")-CNF1126TVZ","Pre-Owned Laptops",11500
QCNBB001536,"HP-G6-117TX(Core I3 -2310M 2.10GHz/3GB/500GB 15.6"")CNF1202D6C	","Pre-Owned Laptops",12000
QCNBB001665,"HP-Pavilion DV6 (Core I3 2310M 2.10GHz/2GB /500GB 15.6"")-5CH1210A0R","Pre-Owned Laptops",11500
QCNBB000003,"Hp-PAVILION DV6(Core I7-2670QM 2.20GHz/4GB/750GB) 5CH1321SMD","Pre-Owned Laptops",17000
QCNBB000667,"HP-PAVILLION DV6 (CORE I7 Q720 1.60 GHZ/4GB/500GB/15.6"") INA02704RK","Pre-Owned Laptops",17000
QCNBB000064,"Hp-Pavillion DV6-3050TX(Core I7 Q720 1.60GHz/4GB/640GB 15.6"") INA038049Q","Pre-Owned Laptops",17000
QCNBB000036,"Hp-Pavillion G4-1008TU(Core I5 M480 2.67GHz/6GB/500GB 14.0"") CNF1094Q6D","Pre-Owned Laptops",14000
QCNBB000006,"HP-Pro Book 4421S (Core I7 M640 2.80GHz 2GB/250GB) CNF1260GTC","Pre-Owned Laptops",15700
QCNBB001372,"LENOVO E430(CORE I3 2330M 2.20GHZ/2GB/500GB 14"") MP-0Y382","Pre-Owned Laptops",11000
QCNBB001330,"LENOVO G460 (Core I3 M330 2.13GHz/3GB/320GB 14"") CBQ2401259","Pre-Owned Laptops",12000
QCNBB001378,"LENOVO G460(CORE I3 M350 2.27GHZ/2GB/320GB 14"") CBQ3251440","Pre-Owned Laptops",11000
QCNBB000513,"Lenovo L412(Core I5 M450/4GB/320GB 14.0"")LR-CTEHD","Pre-Owned Laptops",12700
QCNBB000708,"Lenovo T410(CORE I5 M520@2.40GHZ/4GB RAM/160GB HDD)R8-K9V1F","Pre-Owned Laptops",12500
QCNBB001674,"Lenovo-G460 (Core I3 M330 2.13GHz/4GB/320GB 14"")-CBQ1872168","Pre-Owned Laptops",11000
QCNBB001520,"Lenovo-G500(Core I3 3110M 2.40GHz/3GB/500GB 15.6"")CB24884313	","Pre-Owned Laptops",12000
QCNBB001671,"Lenovo-Ideapad Y560 (Core I3 Q740 1.73GHz/2GB/160GB 14.1"")-CB02291974","Pre-Owned Laptops",11000
QCPNBK00249,"Lenovo-L512(CORE I5-M520 / 2.40GHZ / 2GB / 120GB) LR-55ZEE","Pre-Owned Laptops",15000
QCNBB000415,"Lenovo-Thinkpad E420(Core I5 4GB/500GB) R9-E4EW1","Pre-Owned Laptops",13700
QCNBB000115,"Lenovo-X201(Core I5 2.67GHz/4GB/80GB) R9A24DL","Pre-Owned Laptops",13200
QCNBB000097,"Lenovo-X201(Core I5 M520 2.40GHZ/2GB/128GB) R9-5PBML","Pre-Owned Laptops",12500
QCNBB001204,"Samsung R528(Core I3 2.13GHz/2GB/250GB 15.6"") ZPV093DZ400053A","Pre-Owned Laptops",11500
QCNBB000343,"SONY -PCG-41216W(Core I7 2.80GHz/4GB/750GB) C609YX1B","Pre-Owned Laptops",18000
QCNBB000940,"Sony PCG 61A11W ( Core I3 2310M 2.10GHz/2GB/320GB 14"") C9014M8K","Pre-Owned Laptops",11800
QCNBB000530,"Sony PCG-41213W(Core I5-2410M 2.30GHZ/4GB/320GB 14.1"")27539276-7004175","Pre-Owned Laptops",12700
QCNBB001653,"Sony-PCG-61212W (Core I3 M350 2.27GHz/2GB/500GB 14.0"")-C6058BKM","Pre-Owned Laptops",11500
QCNBB001530,"Sony-PCG-61212W(Core I3 M330 2.13GHz/2GB/320GB 14"")27507087-70066017	","Pre-Owned Laptops",11000
QCNBB000150,"Sony-PCG-61212W(Core I5 M480 2.67GHz/4GB/) C608GKZU","Pre-Owned Laptops",12700
QCNBB000146,"Sony-PCG-81114L(Core i7/4GB/320GB) R5822839","Pre-Owned Laptops",15700
QCNBB001538,"Sony-PCG61212W(Core I3 M330 2.13GHz/2GB/320GB 14"")2750708770066010	","Pre-Owned Laptops",11000
QCNBB000125,"Sony-VPCFL390X(Core I7 Q740   1.73GHZ/4GB/320GB) C6095SP7","Pre-Owned Laptops",15700
QCNBB001054,"Toshiba C660 (Core I3 380M 2.40GHz/3GB/250GB 15.6"") 2B135952K","Pre-Owned Laptops",11500
QCNBB000515,"Toshiba Satellite C660(Core I3 M380 2.53GHz/2GB/250GB 15.6"")1B225035K","Pre-Owned Laptops",11500
QCNBB001673,"Toshiba-Satellite C640 (Core I3 2310M 2.10GHz/4GB/500GB 14"")-7B070788Q","Pre-Owned Laptops",11500
QCNBB001675,"Toshiba-Satellite L640 (Core I3 M350 2.27GHz/2GB/320GB 14.0"")-7A064098W","Pre-Owned Laptops",11000
GF-UC-3-GOLD,"Albright GF-UC-3 Metal Fabric Cable for iPhone 5 & 6 (Gold)","USB Cables",100
GF-UC-3-ROSEGOLD,"Albright GF-UC-3 Metal Fabric Cable for iPhone 5 & 6 (Rose Gold)","USB Cables",150
GF-UC-3-SILVER,"Albright GF-UC-3 Metal Fabric Cable for iPhone 5 & 6 (Silver)","USB Cables",100
GF-UC-31-BLACK,"Albright GF-UC-31 Silk Braided Metal Cable for iPhone 5 & 6 (Black)","USB Cables",100
GF-UC-31-BLUE,"Albright GF-UC-31 Silk Braided Metal Cable for iPhone 5 & 6 (Blue)","USB Cables",90
GF-UC-31-WHITE,"Albright GF-UC-31 Silk Braided Metal Cable for iPhone 5 & 6 (White)","USB Cables",100
LK-B060-BLACK,"Albright LK-B060 Bluetooth Speaker (Black)","Bluetooth Speakers",300
LK-B060-WHITE,"Albright LK-B060 Bluetooth Speaker (White)","Bluetooth Speakers",300
X-STANDER-BLUE,"Albright Rockman-X Stander Bluetooth Speaker with the Stand Function (Blue)","Bluetooth Speakers",600
X-STANDER-RED,"Albright Rockman-X Stander Bluetooth Speaker with the Stand Function (Red)","Bluetooth Speakers",600
NEWMOB00087,"Alcatel Onetouch Idol X+( Bluish Black 16GB)","Brand New Mobiles",4500
NEWMOB00351,"Apple iPhone 6 (Gold, 32 GB) ","Brand New Mobiles",25100
NEWMOB00004,"Apple iPhone 6 (Space Grey, 32 GB) ","Brand New Mobiles",24750
NEWMOB00421,"Apple iPhone 6s (Silver, 32 GB)","Brand New Mobiles",34800
NEWMOB00364,"Apple iPhone 7 (Gold, 32 GB) ","Brand New Mobiles",41700
NEWMOB00363,"Apple iPhone 7 Plus (Black, 128GB) ","Brand New Mobiles",64200
NEWMOB00415,"Apple iPhone 7 Plus (Black, 32 GB)","Brand New Mobiles",55800
NEWMOB00417,"Apple iPhone 7 Plus (Gold, 128 GB)","Brand New Mobiles",64200
NEWMOB00416,"Apple iPhone 7 Plus (Gold, 32 GB)","Brand New Mobiles",55800
NEWMOB00418,"Apple iPhone 7 Plus (Rose Gold, 128 GB)","Brand New Mobiles",64200
NEWMOB00396,"Apple iPhone 7 Plus (Silver, 128GB)","Brand New Mobiles",64200
NEWMOB00332,"Apple iPhone 8 (Gold, 64 GB) ","Brand New Mobiles",54000
NEWMOB00362,"Apple iPhone 8 (Space Grey, 256GB) ","Brand New Mobiles",68200
NEWMOB00457,"Apple iPhone SE (Space Grey, 32 GB)	","Brand New Mobiles",18800
NEWMOB00391,"Apple iPhone X (Space Gray, 64 GB)","Brand New Mobiles",82000
NEWMOB00088,"Asus Zenfone 2 ZE551ML (Red, 32GB) ","Brand New Mobiles",8500
NEWMOB00089,"Asus Zenfone 2 ZE551ML (Silver, 32GB) ","Brand New Mobiles",8500
NEWMOB00092,"Asus Zenfone 4  (A400CG ) (Black, 8 GB)","Brand New Mobiles",2800
NEWMOB00101,"Asus Zenfone 5 (A502CG ) Deep Black","Brand New Mobiles",3900
NEWMOB00102,"Asus Zenfone 6 A601CG (16 GB  White)","Brand New Mobiles",4500
NEWMOB00103,"Asus Zenfone Selfie (Silver, 3GB RAM, 16GB) ","Brand New Mobiles",8250
NEWMOB00352,"Gionee A1 (Grey, 64 GB)","Brand New Mobiles",13750
NEWMOB00110,"Honor 4C (WHITE, 8 GB) ","Brand New Mobiles",4000
NEWMOB00116,"Honor 6 Plus (Black)","Brand New Mobiles",13000
NEWMOB00122,"Honor Holly Hol-U19 (Black/White 16GB)","Brand New Mobiles",3500
NEWMOB00129,"HTC Desire 620G (Grey, 8GB)","Brand New Mobiles",5000
NEWMOB00134,"HTC Desire 628 (Cobalt White, 32 GB)  (3 GB RAM)","Brand New Mobiles",8000
NEWMOB00137,"HTC One Me  (Meteor Grey, 32 GB)  (3 GB RAM)","Brand New Mobiles",12990
NEWMOB00151,"Infocus M812i (Silver, 16 GB)","Brand New Mobiles",8500
NEWMOB00159,"Karbonn A99 (White)","Brand New Mobiles",3000
NEWMOB00172,"Lava Iris Pro 30 (Grey, 4 GB)","Brand New Mobiles",3500
NEWMOB00174,"Lava Iris X1 (Black, 8 GB)","Brand New Mobiles",3000
NEWMOB00175,"Lava Iris X1 (White, 8 GB)","Brand New Mobiles",3000
NEWMOB00181,"LeEco Le 1S X507 (Gold, 32 GB)","Brand New Mobiles",8100
NEWMOB00182,"LeEco Le 1S X507 (Silver, 32 GB)","Brand New Mobiles",8200
NEWMOB00069,"Lenovo A6000 plus (Black 16GB)","Brand New Mobiles",6000
NEWMOB00081,"Lenovo A6000 plus (White 16GB)","Brand New Mobiles",6000
NEWMOB00076,"Lenovo A6600 Plus (Black, 16 GB)","Brand New Mobiles",6000
NEWMOB00073,"Lenovo K3 Note  (Black, 16 GB)","Brand New Mobiles",7000
NEWMOB00180,"Lenovo K3 Note  (White, 16 GB)","Brand New Mobiles",7000
NEWMOB00072,"Lenovo K3 Note  (Yellow, 16 GB)","Brand New Mobiles",7000
NEWMOB00058,"Lenovo K6 Note (Gold, 32 GB)  (3 GB RAM)","Brand New Mobiles",9500
NEWMOB00059,"Lenovo K6 Note (Silver, 32 GB)  (3 GB RAM)","Brand New Mobiles",9000
NEWMOB00056,"Lenovo K6 Note (Silver, 32 GB)  (4 GB RAM)","Brand New Mobiles",10500
NEWMOB00061,"Lenovo K6 Power (Dark Grey, 32 GB)  (4 GB RAM)","Brand New Mobiles",8590
NEWMOB00060,"Lenovo K6 Power (Gold , 32 GB)  (3 GB RAM)","Brand New Mobiles",7800
NEWMOB00062,"Lenovo K6 Power (Grey  32 GB)  (4 GB RAM)","Brand New Mobiles",10400
NEWMOB00064,"Lenovo K6 Power (Grey 32 GB)  (3 GB RAM)","Brand New Mobiles",7499
NEWMOB00068,"Lenovo P70 (Blue 16GB)","Brand New Mobiles",6500
NEWMOB00055,"Lenovo Vibe B (Black 8GB)","Brand New Mobiles",4000
NEWMOB00071,"Lenovo Vibe K4 Note (Black, 16GB)","Brand New Mobiles",9999
NEWMOB00070,"Lenovo Vibe K5 Note (Gold, 32 GB)  (4 GB RAM)","Brand New Mobiles",9999
NEWMOB00065,"Lenovo Vibe P1 Turbo (Silver, 32 GB)","Brand New Mobiles",9900
NEWMOB00053,"LENOVO VIBE Z2 PRO (K920) STARRY NIGHT BLACK 32GB","Brand New Mobiles",13000
NEWMOB00074,"Lenovo Z2 Plus  (Black 32 GB)","Brand New Mobiles",11800
NEWMOB00075,"Lenovo Z2 Plus  (White, 32 GB)","Brand New Mobiles",9800
NEWMOB00054,"Lenovo Zuk Z1 (Space Grey, 64GB )","Brand New Mobiles",9500
NEWMOB00187,"LG G3 4G LTE (Black Gold, with 32 GB)","Brand New Mobiles",9000
NEWMOB00203,"Micromax Canvas HD Plus A190 (White)","Brand New Mobiles",2500
NEWMOB00397,"Micromax Canvas Nitro 4G E455 (Black, 16 GB)","Brand New Mobiles",7600
NEWMOB00214,"Micromax Canvas Xpress 2  E313 (Black)","Brand New Mobiles",3000
NEWMOB00348,"Moto E3 Power (Black, 16 GB)  (2 GB RAM)","Brand New Mobiles",6800
NEWMOB00028,"MOTO E4 (Gold 16GB)","Brand New Mobiles",7250
NEWMOB00029,"Moto E4 (GREY 16GB)","Brand New Mobiles",7500
NEWMOB00038,"Moto G (2nd Generation) XT1068 (16 GB White)","Brand New Mobiles",3900
NEWMOB00023,"Moto G 4th Gen (Black, 16GB)","Brand New Mobiles",8000
NEWMOB00017,"Moto G4 Play  (White, 16GB) ","Brand New Mobiles",8000
NEWMOB00018,"Moto G4 Play (Black, 16GB)","Brand New Mobiles",8000
NEWMOB00025,"Moto G5 (16 GB, Fine Gold)","Brand New Mobiles",8000
NEWMOB00048,"Moto G5s (Fine Gold, 32GB)","Brand New Mobiles",9450
NEWMOB00036,"Moto M (Gold, 64 GB)","Brand New Mobiles",10499
NEWMOB00044,"Moto M (Grey, 64 GB)","Brand New Mobiles",10499
NEWMOB00010,"MOTOROLA  X (XT1052) ","Brand New Mobiles",6000
NEWMOB00035,"Motorola Moto E (2nd Gen)  8 GB Black","Brand New Mobiles",6000
NEWMOB00042,"Motorola Moto G (3rd Generation) XT1550 ( White 16 GB )","Brand New Mobiles",7000
NEWMOB00039,"Motorola Moto G 1st Gen (XT 1033) BLACK 16GB","Brand New Mobiles",4000
NEWMOB00040,"Motorola Moto G 1st Gen (XT 1033) BLACK 8GB","Brand New Mobiles",4000
NEWMOB00456,"Motorola Nexus 6 (Midnight Blue, 32 GB)","Brand New Mobiles",13000
NEWMOB00013,"MOTOROLA X (XT1052) BLACK","Brand New Mobiles",6500
NEWMOB00011,"MOTOROLA X(XT1052) WHITE","Brand New Mobiles",6000
NEWMOB00384,"Oppo F3 Plus   (Gold 64GB)","Brand New Mobiles",16990
NEWMOB00386,"Oppo F5 (Gold 32GB)","Brand New Mobiles",18250
NEWMOB00231,"Panasonic Eluga Arc 2 (Rose Gold 32GB) 4G","Brand New Mobiles",7000
NEWMOB00237,"Phicomm Clue 630 (8GB, White)","Brand New Mobiles",3400
NEWMOB00238,"Phicomm Energy 2 E670 (Black, 16 GB)","Brand New Mobiles",4800
NEWMOB00410,"Redmi Note 4   4GB (Dark Grey 64GB)","Brand New Mobiles",10700
NEWMOB00356,"SAMSUNG G360H GALAXY CORE PRIME","Brand New Mobiles",4300
NEWMOB00245,"SAMSUNG GALAXY A7 6 (A710F) 16GB WHITE","Brand New Mobiles",13500
NEWMOB00347,"Samsung Galaxy A7 SM-A700F (Midnight Black)","Brand New Mobiles",12000
NEWMOB00252,"Samsung Galaxy J2 (White, 8 GB)","Brand New Mobiles",6550
NEWMOB00253,"SAMSUNG GALAXY J2 6 (J210F) (8GB Black)","Brand New Mobiles",7899
NEWMOB00255,"SAMSUNG GALAXY J2 6 (J210F) (8GB Silver)","Brand New Mobiles",7899
NEWMOB00382,"Samsung Galaxy J2-2017 (Gold 8GB)","Brand New Mobiles",6250
NEWMOB00256,"Samsung Galaxy J5 (J500F) (Black, 8 GB)","Brand New Mobiles",9800
NEWMOB00257,"SAMSUNG GALAXY J5 PRIME 32GB BLACK","Brand New Mobiles",11500
NEWMOB00258,"Samsung Galaxy J7 (Gold, 16 GB)","Brand New Mobiles",9800
NEWMOB00264,"SAMSUNG GALAXY J7 6(J710F) (16GB WHITE)","Brand New Mobiles",11500
NEWMOB00266,"Samsung Galaxy Note 3  (White 32GB)","Brand New Mobiles",11000
NEWMOB00270,"Samsung Galaxy Note 5 (Gold Platinum, 32 GB)","Brand New Mobiles",23000
NEWMOB00282,"Samsung Galaxy S5 G900H( Gold, 16GB )","Brand New Mobiles",10000
NEWMOB00389,"Samsung J7 Max (Black 32GB)","Brand New Mobiles",13990
NEWMOB00388,"Samsung J7 Max (Gold 32GB)","Brand New Mobiles",13990
NEWMOB00292,"Samsung Z1 Z130H (White)","Brand New Mobiles",4000
NEWMOB00455,"Sony Xperia E1 D2 105 Purple","Brand New Mobiles",5000
NEWMOB00294,"Sony Xperia E1 Dual (White)","Brand New Mobiles",5000
NEWMOB00379,"Swipe Elite 3 (Silver, 16 GB)","Brand New Mobiles",4000
NEWMOB00378,"Swipe Elite 4G (Grey, 8 GB)","Brand New Mobiles",3300
NEWMOB00381,"Swipe Elite Power (Grey, 16 GB)","Brand New Mobiles",5500
NEWMOB00376,"Swipe Elite Pro (32GB, 3GB RAM)","Brand New Mobiles",5600
NEWMOB00083,"Swipe Elite Star  (Black, 8GB)","Brand New Mobiles",2100
NEWMOB00084,"Swipe Elite Star  (Gold, 8GB)","Brand New Mobiles",2100
NEWMOB00085,"Swipe Elite Star  (White, 8GB)","Brand New Mobiles",2100
NEWMOB00359,"Xolo ERA 2X  (Black, 16GB)","Brand New Mobiles",5000
NEWMOB00323,"XOLO HIVE (BLACK)","Brand New Mobiles",5000
NEWMOB00325,"Yotaphone C9660(Black 32GB)","Brand New Mobiles",9900
QCMBB000009,"APPLE IPHONE 4S (64GB)","Pre-Owned Mobiles",5600
QCMBB000022,"APPLE IPHONE 6 PLUS (128GB)","Pre-Owned Mobiles",25000
QCMBB000026,"Apple iPhone 6S (16 GB)","Pre-Owned Mobiles",17000
QCMBB000016,"Apple:iPhone 5s (16GB)","Pre-Owned Mobiles",7100
QCMBB000278,"LENOVO A2010 8GB","Pre-Owned Mobiles",2900
QCMBB000046,"LENOVO K900 (32GB)","Pre-Owned Mobiles",4200
QCMBA000010,"LENOVO P1 (32GB) (A)","Pre-Owned Mobiles",6000
QCMBB000281,"Lenovo Vibe K5 Plus (16 GB)","Pre-Owned Mobiles",4500
QCMBB000054,"LENOVO VIBE X (S960) (16GB)","Pre-Owned Mobiles",5000
QCMBB000055,"Lenovo:Vibe X2","Pre-Owned Mobiles",4800
QCMBB000287,"MI 5 (32GB)","Pre-Owned Mobiles",9500
QCMBB000062,"MICROMAX CANVAS 2 (A110) (4GB)","Pre-Owned Mobiles",2400
QCMBB000070,"Microsoft Lumia 640","Pre-Owned Mobiles",2500
QCMBB000082,"MOTOROLA G (16GB)","Pre-Owned Mobiles",4500
QCMBB000282,"Motorola Moto E3 Power","Pre-Owned Mobiles",4200
QCMBB000085,"MOTOROLA X 2ND GEN (16GB) (B)","Pre-Owned Mobiles",4200
QCMBA000012,"Motorola:Moto G (3rd Generation) (16GB) (A)","Pre-Owned Mobiles",5600
QCMBB000093,"OnePlus 2 (64GB) ","Pre-Owned Mobiles",8000
QCMBB000313,"OnePlus One (16GB)","Pre-Owned Mobiles",3500
QCMBB000199,"REDMI MI 3 (16 GB)","Pre-Owned Mobiles",4900
QCMBA000017,"SAMSUNG GALAXY A5 (16GB) (A)","Pre-Owned Mobiles",6713
QCMBB000285,"SAMSUNG GALAXY A7 DUOS (16GB)","Pre-Owned Mobiles",6500
QCMBB000103,"Samsung Galaxy Ace plus","Pre-Owned Mobiles",1600
QCMBB000105,"SAMSUNG GALAXY CORE (8GB) (B)","Pre-Owned Mobiles",1800
QCMBA000022,"SAMSUNG GALAXY GRAND 2 (8GB) (A)","Pre-Owned Mobiles",4500
QCMBA000023,"Samsung Galaxy Grand Duos (8GB) (A)","Pre-Owned Mobiles",3500
QCMBA000025,"Samsung Galaxy Grand Neo (8GB) (A)","Pre-Owned Mobiles",2800
QCMBA000046,"SAMSUNG GALAXY GRAND QUATTRO (8GB)","Pre-Owned Mobiles",2200
QCMBB000124,"SAMSUNG GALAXY NEXUS (16GB)","Pre-Owned Mobiles",3311
QCMBB000128,"SAMSUNG GALAXY NOTE 3 NEO (16GB)","Pre-Owned Mobiles",4500
QCMBB000130,"SAMSUNG GALAXY NOTE EDGE (32GB)","Pre-Owned Mobiles",13000
QCMBB000134,"SAMSUNG GALAXY POCKET DUOS (4GB)","Pre-Owned Mobiles",900
QCMBB000135,"SAMSUNG GALAXY POP","Pre-Owned Mobiles",2600
QCMBB000137,"SAMSUNG GALAXY S ADVANCE (16GB)","Pre-Owned Mobiles",2500
QCMBA000034,"Samsung Galaxy S2 (A) (16GB)","Pre-Owned Mobiles",2500
QCMBA000035,"Samsung Galaxy S3  (A) (16GB)","Pre-Owned Mobiles",3600
QCMBB000148,"Samsung Galaxy S3 (32GB)","Pre-Owned Mobiles",3500
QCMBB000244,"SAMSUNG GALAXY S3 NEO (16GB)","Pre-Owned Mobiles",2800
QCMBB000153,"SAMSUNG GALAXY S5 MINI (16GB)","Pre-Owned Mobiles",4500
QCMBB000155,"SAMSUNG GALAXY STAR","Pre-Owned Mobiles",1200
QCMBA000058,"SAMSUNG GALAXY STAR PRO (4GB)","Pre-Owned Mobiles",3775
QCMBB000243,"SAMSUNG GALAXY TREND S-7392 (4GB)","Pre-Owned Mobiles",1400
QCMBB000165,"Samsung Galaxy Y Duos (B)","Pre-Owned Mobiles",500
QCMBB000113,"Samsung:Galaxy Grand Max 16GB (B)","Pre-Owned Mobiles",3500
QCMBB000122,"Samsung:Galaxy Mega 5.8 (B)","Pre-Owned Mobiles",2750
QCMBB000154,"Samsung:I9003 Galaxy SL","Pre-Owned Mobiles",1900
QCMBB000178,"SONY XPERIA M (4GB)","Pre-Owned Mobiles",1800
QCMBB000181,"SONY XPERIA P (16GB) (B)","Pre-Owned Mobiles",2200
QCMBB000192,"SONY XPERIA Z1 (16GB)","Pre-Owned Mobiles",4500
QCMBB000202,"Xiaomi Mi 4i (32 GB) (B)","Pre-Owned Mobiles",5500
QCMBB000196,"XIAOMI MI NOTE 3G (8GB)","Pre-Owned Mobiles",2800
NEWNBK00053,"Apple MacBook Air MJVE2HN/A Laptop (Core i5/4GB/128GB/Integrated Graphics/OS X Yosemite/13.3"")","Brand New Laptops",55000
NEWNBK00052,"Apple MacBook Pro MF839HN/A Laptop (Core i5/8GB/128GB/Integrated Graphics/OS X Yosemite/13.3"")","Brand New Laptops",89000
NEWNBK00050,"Asus A555LF-XX191T (A555L) 15.6-inch Laptop (Core i3 4005U/8GB/1TB/Windows 10/Nvidia GeForce 930M Graphics)Dark Brown","Brand New Laptops",29500
NEWNBK00157,"Dell Inspiron 14 3452 (Celeron N3050/2GB/32GB/Integrated Graphics/Win 10/14.0-Inch/Non-Touch) Y565521HIN9-1","Brand New Laptops",12264
NEWNBK00159,"Dell Inspiron 14 5455 (AMD A8-7410/4GB/1TB/2GB Graphics/Win 8.1/14.0-Inch/Non-Touch) X565904IN9-1","Brand New Laptops",25000
NEWNBK00087,"Dell Inspiron 15 3542 (4th Gen Ci5/4GB/1TB/2GB Graphics/Win 8/15.6-Inch/Non-Touch) X560181IN9-1","Brand New Laptops",29195
NEWNBK00129,"Dell Inspiron 15 3542 (4th Gen Ci5/4GB/1TB/2GB Graphics/Win 8/15.6-Inch/Non-Touch) X560365IN9-1","Brand New Laptops",29195
NEWNBK00108,"Dell Inspiron 15 3558 (5th Gen Ci3/4GB/1TB/Integrated Graphics/Win 10/15.6-Inch/Non-Touch) Z565106HIN9-1","Brand New Laptops",28163
NEWNBK00140,"Dell Inspiron 15 5559 (6th Gen Ci5/8GB/1TB/2GB Graphics/Win 10/15.6-Inch/Non-Touch) Z566306HIN4-1","Brand New Laptops",43163
NEWNBK00149,"Dell Vostro 15 3546 (4th Gen Ci5/4GB/1TB/2GB Graphics/Ubuntu/15.6-Inch/Non-Touch) X510332IN9-1","Brand New Laptops",29195
NEWNBK00042,"HP Envy X360 15-W102TX Laptop (6th Gen Core i5-6200U/4GB/1TB/2GB Graphics/Win 10/15.6"")","Brand New Laptops",46500
NEWNBK00045,"HP Pavilion X2 10-N125TU Laptop (Atom Z8300/2GB/500GB/Intel HD Graphics/Win 10/10.1"")","Brand New Laptops",15000
NEWNBK00031,"HP Slimline 260-A043IL Desktop (PQC-J3710/4GB/1TB/Integrated Graphics/Dos/Display not Included)","Brand New Laptops",14500
NEWNBK00032,"HP Spectre 13-V122TU Laptop (7th Gen Core i7-7500U/8GB/512GB/Integrated Graphics/Win 10 Pro/13.3"")","Brand New Laptops",94000
NEWNBK00027,"Lenovo FLEX 2-14 59-429730 Laptop (4th Gen Core i3-4030U/4GB/500GB/2GB Graphics/Win 8.1/14.0"")","Brand New Laptops",23500
NEWNBK00028,"Lenovo FLEX 2-14D 59-436783 Touchscreen Laptop (AMD A8-6410/4GB/500GB/Integrated Graphics/Win 8.1/14.0"" Touch)","Brand New Laptops",22500
NEWACC00005,"Dell 65Watt Adapter",Accessories,850
NEWACC00006,"Dell 90Watt Adapter",Accessories,1250
NEWACC00004,"Dell Inspiron / Vostro / Latitude - 6 Cell Battery",Accessories,3100
NEWACC00003,"Dell Inspiron 14R/15R 6Cell Battery",Accessories,2000
REFDE00280,"DELL INSPIRON 15 3542/4TH GEN CI5/4GB/1TB/INT/WIN8/15.6-INCH","Brand Refurbished Laptops",24000
REFDE00001,"DELL REFURBISHED ALIENWARE 13 R2/ 6th Gen Ci5-6200U/ 8GB/ 500GB/ 2GB/ WIN 10/ 13.3-Inch","Brand Refurbished Laptops",58800
REFDE00002,"DELL REFURBISHED ALIENWARE 13 R2/ 6th Gen Ci7-6500U/ 16GB/ 500GB/ 4GB/ WIN 10/ 13.3-Inch QHD Touch","Brand Refurbished Laptops",66700
REFDE00003,"DELL REFURBISHED ALIENWARE 15 R2/ 6th Gen Ci5-6300HQ/ 8GB/ 1TB/ 2GB/ WIN 10/ 15.6-Inch FHD","Brand Refurbished Laptops",59300
REFDE00004,"DELL REFURBISHED ALIENWARE 15 R2/ 6th Gen Ci7-6700HQ/ 16GB/ 256GB SSD+1TB/ 8GB/ WIN 10/ 15.6-Inch FHD","Brand Refurbished Laptops",78400
REFDE00345,"DELL REFURBISHED ALIENWARE 15 R3/ 7th Gen Ci7-7700HQ/ 16GB/ 512GB SSD+1TB/ 8GB/ WIN 10/ 15.6-Inch FHD","Brand Refurbished Laptops",130400
REFDE00204,"DELL REFURBISHED ALIENWARE 17 R3/ 6th Gen Ci7-6700HQ/ 16GB/ 1TB/ 4GB/ WIN 10/ 17.3-Inch FHD","Brand Refurbished Laptops",91200
REFDE00006,"DELL REFURBISHED ALIENWARE 17 R3/ 6th Gen Ci7-6700HQ/ 16GB/ 1TB/ 8GB/ WIN 10/ 17.3-Inch FHD","Brand Refurbished Laptops",96000
REFDE00007,"DELL REFURBISHED INSPIRON 11 3137/ Celeron 2955U/ 2GB/ 500GB/ INT/ WIN 10/ 11.6-Inch Touch","Brand Refurbished Laptops",18600
REFDE00008,"DELL REFURBISHED INSPIRON 11 3137/ Celeron 2955U/ 2GB/ 500GB/ INT/ WIN 8.1/ 11.6-Inch Touch","Brand Refurbished Laptops",16000
REFDE00206,"DELL REFURBISHED INSPIRON 11 3147/ PQC N3540/ 4GB/ 500GB/ INT/ WIN 8.1/ 11.6-Inch Touch","Brand Refurbished Laptops",18200
REFDE00207,"DELL REFURBISHED INSPIRON 11 3148/ 4th Gen Ci3-4010U/ 4GB/ 500GB/ INT/ WIN 8.1/ 11.6-Inch Touch","Brand Refurbished Laptops",30100
REFDE00208,"DELL REFURBISHED INSPIRON 11 3148/ 4th Gen Ci3-4030U/ 4GB/ 500GB/ INT/ NO OS/ 11.6-Inch Touch","Brand Refurbished Laptops",18700
REFDE00011,"DELL REFURBISHED INSPIRON 11 3148/ 4th Gen Ci3-4030U/ 4GB/ 500GB/ INT/ WIN 10/ 11.6-Inch Touch","Brand Refurbished Laptops",22000
REFDE00209,"DELL REFURBISHED INSPIRON 11 3158/ 6th Gen Ci3-6100U/ 4GB/ 500GB/ INT/ NO OS/ 11.6-Inch Touch","Brand Refurbished Laptops",24500
REFDE00301,"DELL REFURBISHED INSPIRON 11 3179 (7th Gen M3-7Y30/ 4GB/ 1TB/ INT/ WIN 10/ 11.6-INCH  Touch)","Brand Refurbished Laptops",29900
REFDE00015,"DELL REFURBISHED INSPIRON 13 5368/ 6th Gen Ci3-6100U/ 4GB/ 1TB/ INT/ WIN 10/ 13.3-Inch FHD Touch","Brand Refurbished Laptops",36200
REFDE00017,"DELL REFURBISHED INSPIRON 13 5368/ 6th Gen Ci7-6500U/ 8GB/ 1TB/ INT/ WIN 10/ 13.3-Inch FHD Touch","Brand Refurbished Laptops",44600
REFDE00021,"DELL REFURBISHED INSPIRON 13 7348/ 5th Gen Ci5-5200U/ 8GB/ 500GB/ INT/ WIN 10/ 13.3-INCH FHD Touch","Brand Refurbished Laptops",46300
REFDE00273,"DELL REFURBISHED INSPIRON 13 7348/ 5TH GEN CI7-5500U/ 8GB/ 256GB SSD/ INT/ WIN 10/ 13.3-INCH FHD TOUCH","Brand Refurbished Laptops",53000
REFDE00210,"DELL REFURBISHED INSPIRON 13 7350/ 5th Gen Ci5-5200U/ 8GB/ 500GB/ INT/ WIN 10/ 13.3-Inch FHD Touch","Brand Refurbished Laptops",48100
REFDE00211,"DELL REFURBISHED INSPIRON 13 7359/ 5th Gen Ci5-5200U/ 8GB/ 500GB/ INT/ WIN 8.1/ 13.3-Inch FHD Touch","Brand Refurbished Laptops",48000
REFDE00025,"DELL REFURBISHED INSPIRON 13 7359/ 6TH GEN CI5-6200U/ 8GB/ 500GB/ INT/ WIN 10/ 13.3-INCH FHD TOUCH","Brand Refurbished Laptops",48000
REFDE00028,"DELL REFURBISHED INSPIRON 14 3442/ 4th Gen Ci3-4005U/ 4GB/ 500GB/ 2GB/ NO OS/ 14.0-Inch","Brand Refurbished Laptops",22500
REFDE00029,"DELL REFURBISHED INSPIRON 14 3442/ 4th Gen Ci3-4005U/ 4GB/ 500GB/ INT/ NO OS/ 14.0-Inch","Brand Refurbished Laptops",20600
REFDE00212,"DELL REFURBISHED INSPIRON 14 3442/ 4th Gen Ci5-4210U/ 4GB/ 500GB/ 2GB/ NO OS/ 14.0-Inch","Brand Refurbished Laptops",24500
REFDE00302,"DELL REFURBISHED INSPIRON 14 3467 (6th Gen Ci3-6006U/ 4GB/ 1TB/ INT/ NO OS/ 14.0-INCH )","Brand Refurbished Laptops",27700
REFDE00030,"DELL REFURBISHED INSPIRON 14 5458/ 4th Gen Ci3-4005U/ 4GB/ 1TB/ INT/ WIN 10/ 14.0-Inch","Brand Refurbished Laptops",25000
REFDE00032,"DELL REFURBISHED INSPIRON 14 5458/ 5th Gen Ci5-5200U/ 8GB/ 1TB/ INT/ WIN 10/ 14.0-Inch Touch","Brand Refurbished Laptops",34300
REFDE00257,"DELL REFURBISHED INSPIRON 14 7460/ 7TH GEN CI5-7200U/ 8GB/ 128GB SSD+1TB/ 2GB/ WIN 10/ 14.0-INCH FHD","Brand Refurbished Laptops",50700
REFDE00034,"DELL REFURBISHED INSPIRON 14 7460/ 7th Gen Ci5-7200U/ 8GB/ 1TB/ 2GB/ WIN 10/ 14.0-Inch FHD","Brand Refurbished Laptops",49999
REFDE00036,"DELL REFURBISHED INSPIRON 15 3521/ 3rd Gen Ci5-3317U/ 4GB/ 500GB/ 1GB/ WIN 8.1/ 15.6-Inch","Brand Refurbished Laptops",26000
REFDE00213,"DELL REFURBISHED INSPIRON 15 3521/ 3rd Gen Ci5-3337U/ 4GB/ 500GB/ 1GB/ WIN 10/ 15.6-Inch","Brand Refurbished Laptops",26500
REFDE00321,"DELL REFURBISHED INSPIRON 15 3542 (4th Gen Ci5-4210U/ 4GB/ 500GB/ INT/ WIN 10/ 15.6-INCH )","Brand Refurbished Laptops",25000
REFDE00214,"DELL REFURBISHED INSPIRON 15 3542/ 4th Gen Ci3-4005U/ 4GB/ 1TB/ INT/ NO OS/ 15.6-Inch","Brand Refurbished Laptops",20800
REFDE00042,"DELL REFURBISHED INSPIRON 15 3542/ 4th Gen Ci3-4005U/ 4GB/ 500GB/ 15.6-Inch","Brand Refurbished Laptops",22100
REFDE00043,"DELL REFURBISHED INSPIRON 15 3542/ 4th Gen Ci3-4005U/ 4GB/ 500GB/ INT/ NO OS/ 15.6-Inch","Brand Refurbished Laptops",22100
REFDE00044,"DELL REFURBISHED INSPIRON 15 3542/ 4th Gen Ci3-4005U/ 4GB/ 500GB/ INT/ WIN 10/ 15.6-Inch","Brand Refurbished Laptops",22700
REFDE00048,"DELL REFURBISHED INSPIRON 15 3542/ PDC 3558U/ 4GB/ 500GB/ INT/ NO OS/ 15.6-Inch","Brand Refurbished Laptops",19200
REFDE00303,"DELL REFURBISHED INSPIRON 15 3543 (5th Gen Ci5-5200U/ 4GB/ 500GB/ 2GB/ WIN 10/ 15.6-INCH )","Brand Refurbished Laptops",33600
REFDE00304,"DELL REFURBISHED INSPIRON 15 3543( PDC 3805U/ 4GB/ 500GB/ INT/ WIN 10/ 15.6-INCH )","Brand Refurbished Laptops",21300
REFDE00217,"DELL REFURBISHED INSPIRON 15 3543/ 5th Gen Ci5-5200U/ 4GB/ 1TB/ 2GB/ NO OS/ 15.6-Inch Touch","Brand Refurbished Laptops",31900
REFDE00218,"DELL REFURBISHED INSPIRON 15 3543/ 5th Gen Ci5-5200U/ 4GB/ 1TB/ 2GB/ WIN 10/ 15.6-Inch Touch","Brand Refurbished Laptops",35500
REFDE00052,"DELL REFURBISHED INSPIRON 15 3543/ 5th Gen Ci5-5200U/ 4GB/ 1TB/ 2GB/ WIN 8.1/ 15.6-Inch Touch","Brand Refurbished Laptops",31900
REFDE00342,"DELL REFURBISHED INSPIRON 15 3543/ 5th Gen Ci5-5200U/ 4GB/ 1TB/ INT/ WIN 10/ 15.6-Inch","Brand Refurbished Laptops",28900
REFDE00053,"DELL REFURBISHED INSPIRON 15 3543/ 5th Gen Ci5-5200U/ 8GB/ 1TB/ 2GB/ NO OS/ 15.6-Inch","Brand Refurbished Laptops",34500
REFDE00055,"DELL REFURBISHED INSPIRON 15 3543/ 5th Gen Ci7-5500U/ 8GB/ 1TB/ 2GB/ WIN 10/ 15.6-Inch","Brand Refurbished Laptops",39700
REFDE00056,"DELL REFURBISHED INSPIRON 15 3551/ PQC N3540/ 4GB/ 500GB/ INT/ NO OS/ 15.6-Inch","Brand Refurbished Laptops",19200
REFDE00062,"DELL REFURBISHED INSPIRON 15 3552/ PQC N3710/ 4GB/ 500GB/ INT/ NO OS/ 15.6-INCH","Brand Refurbished Laptops",19900
REFDE00067,"DELL REFURBISHED INSPIRON 15 3558/ 4th Gen Ci3-4005U/ 4GB/ 500GB/ INT/ WIN 10/ 15.6-Inch","Brand Refurbished Laptops",21100
REFDE00075,"DELL REFURBISHED INSPIRON 15 3558/ 5th Gen Ci5-5200U/ 4GB/ 1TB/ 2GB/ WIN 10/ 15.6-Inch","Brand Refurbished Laptops",29500
REFDE00086,"DELL REFURBISHED INSPIRON 15 5547/ 4th Gen Ci5-4210U/ 4GB/ 500GB/ 2GB/ WIN 10/ 15.6-Inch Touch","Brand Refurbished Laptops",35800
REFDE00090,"DELL REFURBISHED INSPIRON 15 5555/ AMD A10-8700P/ 8GB/ 1TB/ 2GB/ WIN 10/ 15.6-Inch","Brand Refurbished Laptops",36800
REFDE00221,"DELL REFURBISHED INSPIRON 15 5555/ AMD A10-8700P/ 8GB/ 1TB/ INT/ NO OS/ 15.6-Inch","Brand Refurbished Laptops",32400
REFDE00091,"DELL REFURBISHED INSPIRON 15 5555/ AMD A10-8700P/ 8GB/ 1TB/ INT/ WIN 10/ 15.6-Inch","Brand Refurbished Laptops",34300
REFDE00093,"DELL REFURBISHED INSPIRON 15 5558/ 4th Gen Ci3-4005U/ 4GB/ 500GB/ 2GB/ WIN 10/ 15.6-INCH ","Brand Refurbished Laptops",22500
REFDE00224,"DELL REFURBISHED INSPIRON 15 5558/ 5th Gen Ci3-5005U/ 4GB/ 500GB/ INT/ NO OS/ 15.6-Inch","Brand Refurbished Laptops",23000
REFDE00095,"DELL REFURBISHED INSPIRON 15 5558/ 5th Gen Ci3-5005U/ 4GB/ 500GB/ INT/ WIN 10/ 15.6-Inch","Brand Refurbished Laptops",22500
REFDE00098,"DELL REFURBISHED INSPIRON 15 5558/ 5th Gen Ci5-5200U/ 8GB/ 1TB/ 2GB/ WIN 10/ 15.6-Inch","Brand Refurbished Laptops",29400
REFDE00099,"DELL REFURBISHED INSPIRON 15 5558/ 5th Gen Ci5-5200U/ 8GB/ 1TB/ 2GB/ WIN 8.1/ 15.6-Inch","Brand Refurbished Laptops",29400
REFDE00100,"DELL REFURBISHED INSPIRON 15 5558/ 5th Gen Ci5-5200U/ 8GB/ 1TB/ 4GB/ WIN 10/ 15.6-Inch FHD","Brand Refurbished Laptops",36800
REFDE00101,"DELL REFURBISHED INSPIRON 15 5558/ 5th Gen Ci7-5500U/ 16GB/ 2TB/ 4GB/ WIN 10/ 15.6-Inch FHD","Brand Refurbished Laptops",47100
REFDE00225,"DELL REFURBISHED INSPIRON 15 5558/ 5th Gen Ci7-5500U/ 8GB/ 1TB/ 4GB/ WIN 8.1/ 15.6-Inch","Brand Refurbished Laptops",44100
REFDE00108,"DELL REFURBISHED INSPIRON 15 5559/ 6th Gen Ci5-6200U/ 8GB/ 1TB/ 2GB/ WIN 10/ 15.6-Inch","Brand Refurbished Laptops",38300
REFDE00109,"DELL REFURBISHED INSPIRON 15 5559/ 6th Gen Ci5-6200U/ 8GB/ 1TB/ 4GB/ WIN 10/ 15.6-Inch FHD","Brand Refurbished Laptops",42000
REFDE00110,"DELL REFURBISHED INSPIRON 15 5559/ 6th Gen Ci7-6500U/ 16GB/ 2TB/ 4GB/ WIN 10/ 15.6-Inch FHD","Brand Refurbished Laptops",49000
REFDE00289,"DELL REFURBISHED INSPIRON 15 5565 ( AMD A9-9400/ 4GB/ 1TB/ 2GB/ WIN 10/ 15.6-inch)","Brand Refurbished Laptops",29400
REFDE00114,"DELL REFURBISHED INSPIRON 15 5567/ 7th Gen Ci5-7200U/ 8GB/ 1TB/ 2GB/ WIN 10/ 15.6-Inch","Brand Refurbished Laptops",42500
REFDE00115,"DELL REFURBISHED INSPIRON 15 5567/ 7th Gen Ci5-7200U/ 8GB/ 1TB/ 4GB/ WIN 10/ 15.6-Inch FHD","Brand Refurbished Laptops",45900
REFDE00254,"DELL REFURBISHED INSPIRON 15 5567/ 7TH GEN CI5-7200U/ 8GB/ 2TB/ 2GB/ WIN 10/ 15.6-INCH FHD","Brand Refurbished Laptops",53900
REFDE00116,"DELL REFURBISHED INSPIRON 15 5567/ 7th Gen Ci5-7200U/ 8GB/ 2TB/ 4GB/ WIN 10/ 15.6-Inch FHD","Brand Refurbished Laptops",47100
REFDE00118,"DELL REFURBISHED INSPIRON 15 5567/ 7th Gen Ci7-7500U/ 8GB/ 1TB/ 4GB/ WIN 10/ 15.6-Inch FHD","Brand Refurbished Laptops",54400
REFDE00119,"DELL REFURBISHED INSPIRON 15 5568/ 6th Gen Ci5-6200U/ 8GB/ 1TB/ INT/ WIN 10/ 15.6-Inch FHD Touch","Brand Refurbished Laptops",47600
REFDE00309,"DELL REFURBISHED INSPIRON 15 5570 (8th Gen Ci5-8250U/ 8GB/ 1TB/ 2GB/ WIN 10/ 15.6-INCH FHD)","Brand Refurbished Laptops",52400
REFDE00121,"DELL REFURBISHED INSPIRON 15 5578/ 7th Gen Ci3-7100U/ 4GB/ 1TB/ INT/ WIN 10/ 15.6-Inch FHD Touch","Brand Refurbished Laptops",37200
REFDE00122,"DELL REFURBISHED INSPIRON 15 5578/ 7th Gen Ci5-7200U/ 8GB/ 1TB/ INT/ WIN 10/ 15.6-Inch FHD Touch","Brand Refurbished Laptops",48600
REFDE00124,"DELL REFURBISHED INSPIRON 15 7537/ 4th Gen Ci7-4500U/ 8GB/ 1TB/ 2GB/ WIN 8.1/ 15.6-Inch FHD Touch","Brand Refurbished Laptops",58800
REFDE00310,"DELL REFURBISHED INSPIRON 15 7548 (5th Gen Ci5-5200U/ 8GB/ 1TB/ 4GB/ WIN 10/ 15.6-INCH  Touch)","Brand Refurbished Laptops",47300
REFDE00125,"DELL REFURBISHED INSPIRON 15 7548/ 5th Gen Ci7-5500U/ 16GB/ 1TB/ 4GB/ WIN 10/ 15.6-Inch FHD Touch","Brand Refurbished Laptops",58800
REFDE00126,"DELL REFURBISHED INSPIRON 15 7548/ 5th Gen Ci7-5500U/ 16GB/ 256GB SSD/ 4GB/ WIN 10/ 15.6-Inch 4K UHD Touch","Brand Refurbished Laptops",61800
REFDE00127,"DELL REFURBISHED INSPIRON 15 7559/ 6th Gen Ci5-6300HQ/ 8GB/ 1TB/ 4GB/ WIN 10/ 15.6-Inch FHD","Brand Refurbished Laptops",57900
REFDE00274,"DELL REFURBISHED INSPIRON 15 7559/ 6TH GEN CI7-6700HQ/ 16GB/ 128GB SSD+1TB/ 4GB/ WIN 10/ 15.6-INCH UHD TOUCH","Brand Refurbished Laptops",61800
REFDE00228,"DELL REFURBISHED INSPIRON 15 7559/ 6th Gen Ci7-6700HQ/ 8GB/ 1TB/ 4GB/ WIN 10/ 15.6-Inch FHD","Brand Refurbished Laptops",60800
REFDE00128,"DELL REFURBISHED INSPIRON 15 7560/ 7th Gen Ci5-7200U/ 8GB/ 1TB/ 4GB/ WIN 10/ 15.6-Inch FHD","Brand Refurbished Laptops",50900
REFDE00129,"DELL REFURBISHED INSPIRON 15 7560/ 7th Gen Ci7-7500U/ 8GB/ 128GB SSD+1TB/ 4GB/ WIN 10/ 15.6-Inch FHD","Brand Refurbished Laptops",61900
REFDE00343,"DELL REFURBISHED INSPIRON 15 7567/ 7th Gen Ci7-7700HQ/ 8GB/ 128GB SDD+1TB/ 4GB/ WIN 10/ 15.6-Inch FHD","Brand Refurbished Laptops",76200
REFDE00132,"DELL REFURBISHED INSPIRON 15 7567/ 7th Gen Ci7-7700HQ/ 8GB/ 1TB/ 4GB/ WIN 10/ 15.6-Inch FHD","Brand Refurbished Laptops",64500
REFDE00286,"DELL REFURBISHED INSPIRON 15 7568/ 6th Gen Ci7-6500U/ 8GB/ 1TB/ INT/ WIN 10/ 15.6-INCH FHD Touch","Brand Refurbished Laptops",61500
REFDE00229,"DELL REFURBISHED INSPIRON 15R 5537/ 4th Gen Ci5-4200U/ 6GB/ 500GB/ INT/ WIN 10/ 15.6-Inch Touch","Brand Refurbished Laptops",32900
REFDE00137,"DELL REFURBISHED INSPIRON 15R 5537/ 4th Gen Ci7-4500U/ 8GB/ 1TB/ 2GB/ WIN 8.1/ 15.6-Inch Touch","Brand Refurbished Laptops",48100
REFDE00230,"DELL REFURBISHED INSPIRON DT 3043/ Celeron N2830/ 4GB/ 500GB/ INT/ WIN 10/ 19.5-Inch","Brand Refurbished Laptops",16900
REFDE00337,"DELL REFURBISHED INSPIRON DT 3048/ PDC G3220T/ 2GB/ 500GB/ INT/ NO OS/ 20-Inch","Brand Refurbished Laptops",20500
REFDE00338,"DELL REFURBISHED INSPIRON DT 3052/ PQC J3710/ 4GB/ 1TB/ INT/ NO OS/ 19.5-Inch","Brand Refurbished Laptops",21100
REFDE00141,"DELL REFURBISHED INSPIRON DT 3059/ 6th Gen Ci3-6100U/ 4GB/ 1TB/ INT/ NO OS/ 19.5-Inch","Brand Refurbished Laptops",25400
REFDE00143,"DELL REFURBISHED INSPIRON DT 3059/ 6th Gen Ci3-6100U/ 4GB/ 500GB/ INT/ WIN 10/ 19.5-Inch","Brand Refurbished Laptops",24500
REFDE00290,"DELL REFURBISHED INSPIRON DT 3064 (7th Gen Ci3-7100U/ 4GB/ 1TB/ INT/ WIN 10/ 19.5-inch)","Brand Refurbished Laptops",29400
REFDE00292,"DELL REFURBISHED INSPIRON DT 3064 (7th Gen Ci3-7100U/ 4GB/ 1TB/ INT/ WIN 10/ 19.5-inch)","Brand Refurbished Laptops",29400
REFDE00312,"DELL REFURBISHED INSPIRON DT 3250( 6th Gen Ci5-6400/ 4GB/ 1TB/ 2GB/ WIN 10/ Display Not Included)","Brand Refurbished Laptops",31700
REFDE00147,"DELL REFURBISHED INSPIRON DT 3250/ 6th Gen Ci5-6400/ 4GB/ 1TB/ 2GB/ NO OS/ Display Not Included","Brand Refurbished Laptops",30000
REFDE00148,"DELL REFURBISHED INSPIRON DT 3250/ 6th Gen Ci5-6400/ 8GB/ 1TB/ 2GB/ WIN 10/ Display Not Included","Brand Refurbished Laptops",32000
REFDE00282,"DELL REFURBISHED INSPIRON DT 3252/ PQC J3710/ 4GB/ 1TB/ INT/ NO OS/ DISPLAY NOT INCLUDED","Brand Refurbished Laptops",14700
REFDE00262,"DELL REFURBISHED INSPIRON DT 3268/ 7TH GEN CI3-7100U/ 4GB/ 1TB/ INT/ NO OS/ DISPLAY NOT INCLUDED","Brand Refurbished Laptops",23600
REFDE00263,"DELL REFURBISHED INSPIRON DT 3268/ PDC G4560/ 4GB/ 1TB/ INT/ NO OS/ DISPLAY NOT INCLUDED","Brand Refurbished Laptops",16700
REFDE00151,"DELL REFURBISHED INSPIRON DT 3459/ 6th Gen Ci3-6100U/ 4GB/ 1TB/ INT/ WIN 10/ 23.8-Inch FHD","Brand Refurbished Laptops",30400
REFDE00232,"DELL REFURBISHED INSPIRON DT 3459/ 6th Gen Ci5-6200U/ 4GB/ 1TB/ INT/ WIN 10/ 23.8-Inch FHD","Brand Refurbished Laptops",35300
REFDE00152,"DELL REFURBISHED INSPIRON DT 3464/ 7th Gen Ci5-7200U/ 4GB/ 1TB/ INT/ WIN 10/ 23.8-Inch FHD","Brand Refurbished Laptops",37500
REFDE00340,"DELL REFURBISHED INSPIRON DT 3647/ 4th Gen Ci3-4170/ 4GB/ 500GB/ 2GB/ WIN 10/ Display Not Included","Brand Refurbished Laptops",28100
REFDE00155,"DELL REFURBISHED INSPIRON DT 3647/ 4th Gen Ci5-4460S/ 8GB/ 1TB/ INT/ NO OS/ Display Not Included","Brand Refurbished Laptops",31400
REFDE00237,"DELL REFURBISHED INSPIRON DT 3647/ PDC G3260/ 4GB/ 500GB/ INT/ WIN 10/ Display Not Included","Brand Refurbished Laptops",16200
REFDE00313,"DELL REFURBISHED INSPIRON DT 5348( 4th Gen Ci7-4790S/ 8GB/ 2TB/ 2GB/ WIN 10/ 23.8-INCH FHD Touch)","Brand Refurbished Laptops",77700
REFDE00157,"DELL REFURBISHED INSPIRON DT 5459/ 6th Gen Ci5-6400/ 8GB/ 1TB/ 4GB/ WIN 10/ 23.8-Inch FHD","Brand Refurbished Laptops",56400
REFDE00268,"DELL REFURBISHED INSPIRON DT 7775/ AMD RYZEN/ 8GB/ 1TB/ 4GB/ WIN 10/ 27-INCH FHD","Brand Refurbished Laptops",75300
REFDE00159,"DELL REFURBISHED VOSTRO 14 3445/ AMD E1-6010/ 4GB/ 500GB/ INT/ NO OS/ 14.0-Inch","Brand Refurbished Laptops",18200
REFDE00238,"DELL REFURBISHED VOSTRO 14 3446/ 4th Gen Ci3-4005U/ 4GB/ 500GB/ 2GB/ NO OS/ 14.0-Inch","Brand Refurbished Laptops",22100
REFDE00161,"DELL REFURBISHED VOSTRO 14 3458/ 4th Gen Ci3-4005U/ 4GB/ 500GB/ INT/ NO OS/ 14.0-Inch","Brand Refurbished Laptops",21500
REFDE00261,"DELL REFURBISHED VOSTRO 14 3458/ 5TH GEN CI3-5005U/ 4GB/ 1TB/ 2GB/ NO OS/ 14.0-INCH","Brand Refurbished Laptops",24500
REFDE00162,"DELL REFURBISHED VOSTRO 14 3468/ 6th Gen Ci3-6006U/ 4GB/ 500GB/ INT/ WIN 10/ 14.0-Inch","Brand Refurbished Laptops",23900
REFDE00248,"DELL REFURBISHED VOSTRO 15 3546/ 4th Gen Ci5-4210U/ 4GB/ 500GB/ 2GB/ NO OS/ 15.6-Inch","Brand Refurbished Laptops",29000
REFDE00166,"DELL REFURBISHED VOSTRO 15 3546/ 4th Gen Ci5-4210U/ 4GB/ 500GB/ INT/ WIN 10/ 15.6-Inch","Brand Refurbished Laptops",27500
REFDE00170,"DELL REFURBISHED VOSTRO 15 3558/ 5th Gen Ci5-5200U/ 4GB/ 500GB/ INT/ WIN 10/ 15.6-Inch","Brand Refurbished Laptops",29000
REFDE00245,"DELL REFURBISHED VOSTRO 15 3559/ 6th Gen Ci5-6200U/ 4GB/ 1TB/ INT/ NO OS/ 15.6-Inch","Brand Refurbished Laptops",34600
REFDE00174,"DELL REFURBISHED VOSTRO 15 3565/ AMD A6-7310/ 4GB/ 500GB/ INT/ NO OS/ 15.6-Inch","Brand Refurbished Laptops",17750
REFDE00182,"DELL REFURBISHED VOSTRO 15 3568/ 7th Gen Ci5-7200U/ 8GB/ 1TB/ 2GB/ WIN 10/ 15.6-Inch","Brand Refurbished Laptops",43400
REFDE00187,"DELL REFURBISHED VOSTRO 15 5568/ 7th Gen Ci5-7200U/ 8GB/ 1TB/ 2GB/ WIN 10/ 15.6-Inch FHD","Brand Refurbished Laptops",49500
REFDE00288,"DELL REFURBISHED VOSTRO 15 5568/ 7th Gen Ci5-7200U/ 8GB/ 1TB/ 4GB/ WIN 10/ 15.6-INCH FHD","Brand Refurbished Laptops",49900
REFDE00193,"DELL REFURBISHED VOSTRO DT 3250/ PDC G4400/ 4GB/ 500GB/ INT/ NO OS/ Display Not Included","Brand Refurbished Laptops",17000
REFDE00194,"DELL REFURBISHED VOSTRO DT 3250/ PDC G4400/ 4GB/ 500GB/ INT/ WIN 10/ Display Not Included","Brand Refurbished Laptops",19200
REFDE00196,"DELL REFURBISHED VOSTRO DT 3800/ 4th Gen Ci3-4170/ 4GB/ 500GB/ INT/ NO OS/ Display Not Included","Brand Refurbished Laptops",17500
REFDE00246,"DELL REFURBISHED VOSTRO DT 3800/ PDC G3260/ 4GB/ 500GB/ INT/ NO OS/ Display Not Included","Brand Refurbished Laptops",19600
REFDE00197,"DELL REFURBISHED XPS 1200/ 4th Gen Ci5-4210U/ 4GB/ 128GB SSD/ INT/ WIN 8.1/ 12.5-Inch FHD Touch","Brand Refurbished Laptops",49000
REFDE00198,"DELL REFURBISHED XPS 13 9343/ 5th Gen Ci5-5200U/ 8GB/ 256GB SSD/ INT/ WIN 10/ 13.3-Inch QHD Touch","Brand Refurbished Laptops",60800
REFDE00199,"DELL REFURBISHED XPS 13 9350/ 6th Gen Ci5-6200U/ 4GB/ 128GB SSD/ INT/ WIN 10/ 13.3-Inch FHD","Brand Refurbished Laptops",58800
REFDE00200,"DELL REFURBISHED XPS 13 9350/ 6th Gen Ci5-6200U/ 8GB/ 256GB SSD/ INT/ WIN 10/ 13.3-Inch QHD Touch","Brand Refurbished Laptops",63700
REFDE00202,"DELL REFURBISHED XPS 13 9360/ 7th Gen Ci5-7200U/ 8GB/ 256GB SSD/ INT/ WIN 10/ 13.3-Inch FHD","Brand Refurbished Laptops",67700
REFDE00203,"DELL REFURBISHED XPS 13 9360/ 7th Gen Ci7-7500U/ 16GB/ 512GB SSD/ INT/ WIN 10/ 13.3-Inch QHD Touch","Brand Refurbished Laptops",83300
REFDE00276,"DELL REFURBISHED XPS 13 9360/ 7TH GEN CI7-7560U/ 8GB/ 256GB SSD/ INT/ WIN 10/ 13.3-INCH QHD TOUCH","Brand Refurbished Laptops",67700
REFDE00336,"DELL REFURBISHED XPS 13 9560/ 7TH GEN CI7-7700HQ/ 16GB/ 512GB SSD/ 4GB/ WIN 10/ 15.6-INCH FHD","Brand Refurbished Laptops",110300
OPMBNTF0098,"HP 7 VOICE TAB ( White,8GB)","Open Box Tablets",5000
OPMBNTFB0098,"HP 7 VOICE TAB (White,8GB) (B Grade)","Open Box Tablets",4500
OPMBNTFB0239,"HP SLATE 7 VOICE TAB (16GB SNOW WHITE)","Open Box Tablets",4900
OPMBNTF0303,"Micromax Canvas Tab P290 1GB (8GB, Black)","Open Box Tablets",4952
OPMBNTF0196,"Samsung Galaxy Tab 3V (T116N) 8GB Black","Open Box Tablets",6000
OPMBNTFB0196,"Samsung Galaxy Tab 3V (T116N) 8GB Black (B Grade)","Open Box Tablets",5400
OPMBNTFB0516,"Samsung Galaxy Tab A (T355Y) (16GB, Sandy White) (B Grade)","Open Box Tablets",9900
ASMBA000006,"LENOVO S90 (16GB) (ASIS) (No Return)","Pre-Owned ASIS Mobiles",3800
ASMBA000004,"Lenovo:P780 (ASIS) ( No Returns)","Pre-Owned ASIS Mobiles",3000
ASMBA000011,"Moto G (3rd Gen) 16 GB ASIS (NO RETURNS) ","Pre-Owned ASIS Mobiles",3200
ASMBA000012,"Moto G Turbo 16GB ASIS (NO RETURNS) ","Pre-Owned ASIS Mobiles",3500
ASMBA000015,"One Plus 2 ASIS 64GB ASIS (NO RETURNS) ","Pre-Owned ASIS Mobiles",6900
ASMBA000016,"OnePlus 3T ASIS (NO RETURNS) ","Pre-Owned ASIS Mobiles",13000
ASMBA000019,"Samsung Galaxy A3 16GB ASIS(NO RETURNS) ","Pre-Owned ASIS Mobiles",4500
ASMBA000020,"Samsung Galaxy A5 (16GB ) ASIS (NO RETURNS) ","Pre-Owned ASIS Mobiles",4500
ASMBA000021,"Samsung Galaxy A7 16GB ASIS (NO RETURNS) ","Pre-Owned ASIS Mobiles",6000
ASMBA000026,"Samsung Galaxy E7 16GB  ASIS (NO RETURNS) ","Pre-Owned ASIS Mobiles",4500
ASMBA000029,"SAMSUNG GALAXY GRAND MAX 16GB (ASIS) ( No Returns ) ","Pre-Owned ASIS Mobiles",2000
ASMBA000031,"Samsung Galaxy Mega 6.3 8GB (ASIS) ( No Returns)","Pre-Owned ASIS Mobiles",2000
ASMBA000034,"Samsung Galaxy Note Edge 32GB  (ASIS) ( No Returns)","Pre-Owned ASIS Mobiles",11000
ASMBA000036,"Samsung:Galaxy S2 16GB (ASIS) ( No Returns)","Pre-Owned ASIS Mobiles",1600
ASMBA000044,"Xiaomi Mi 4i (16GB) ASIS (NO RETURNS) ","Pre-Owned ASIS Mobiles",3000
NEWMOB00220,"Nokia 220 Dual Sim (White)","Feature Phone",2150
NEWMOB00297,"Videocon Krypton3 V50JG (GOLDEN BLUE, 16 GB)  (2 GB RAM)","Feature Phone",5000
NEWMOB00454,"VOW V104 (Black + Blue)","Feature Phone",525
NEWMOB00412,"VOW V105 (Black + Blue)","Feature Phone",525
REFMOB0005,"Samsung Galaxy C7 Pro (Navy Blue, 64 GB) (Brand Refurbished Mobile)","Brand Refurbished Mobile",16250
REFMOB0004,"Samsung Galaxy J7 Max 4GB 32GB GOLD (Brand Refurbished Mobile)","Brand Refurbished Mobile",12750
REFMOB0012,"Samsung Galaxy J7 Pro (Black, 64 GB) (Brand Refurbished Mobile)","Brand Refurbished Mobile",12600
REFMOB0011,"Samsung Galaxy J7 Pro (Gold, 64 GB) (Brand Refurbished Mobile)","Brand Refurbished Mobile",12600
REFMOB0020,"Samsung Galaxy ON NXT (Gold, 32GB)","Brand Refurbished Mobile",11150
REFMOB0018,"Samsung Galaxy S7 (Silver Titanium, 32 GB)","Brand Refurbished Mobile",19500
REFMOB0013,"Samsung Galaxy S7 Edge (Blue, 32 GB)  (Brand Refurbished Mobile)","Brand Refurbished Mobile",28400
REFMOB0007,"Samsung Galaxy S7 Edge (Gold, 32 GB)   (Brand Refurbished Mobile)","Brand Refurbished Mobile",27900
REFMOB0006,"Samsung Galaxy S7 Edge (Pink Gold, 32 GB)  (Brand Refurbished Mobile)","Brand Refurbished Mobile",27900
REFMOB0014,"SAMSUNG Z2 (Gold, 8 GB)","Brand Refurbished Mobile",3200
REFMOB0019,"Samsung Z4 (Gold, 8 GB)","Brand Refurbished Mobile",4000
